ID,Label
0,0.1
2,0.1
4,0.1
5,0.1
6,0.1
7,0.1
8,0.1
11,0.1
12,0.1
13,0.1
19,0.1
22,0.1
23,0.1
26,0.1
28,0.1
32,0.1
33,0.1
35,0.1
38,0.1
44,0.1
45,0.1
49,0.1
50,0.1
53,0.1
56,0.1
60,0.1
63,0.1
65,0.1
66,0.1
69,0.1
72,0.1
77,0.1
81,0.1
82,0.1
84,0.1
85,0.1
88,0.1
91,0.1
92,0.1
93,0.1
95,0.1
99,0.1
102,0.1
106,0.1
107,0.1
108,0.1
109,0.1
110,0.1
115,0.1
118,0.1
119,0.1
125,0.1
127,0.1
129,0.1
130,0.1
134,0.1
135,0.1
137,0.1
142,0.1
150,0.1
153,0.1
155,0.1
160,0.1
163,0.1
168,0.1
170,0.1
175,0.1
177,0.1
183,0.1
185,0.1
187,0.1
188,0.1
191,0.1
192,0.1
195,0.1
196,0.1
197,0.1
199,0.1
201,0.1
202,0.1
203,0.1
205,0.1
209,0.1
211,0.1
212,0.1
213,0.1
217,0.1
218,0.1
219,0.1
220,0.1
221,0.1
222,0.1
225,0.1
227,0.1
231,0.1
234,0.1
236,0.1
239,0.1
240,0.1
242,0.1
244,0.1
246,0.1
248,0.1
249,0.1
252,0.1
254,0.1
255,0.1
256,0.1
266,0.1
268,0.1
272,0.1
275,0.1
282,0.1
286,0.1
287,0.1
288,0.1
290,0.1
292,0.1
296,0.1
298,0.1
300,0.1
306,0.1
307,0.1
308,0.1
310,0.1
316,0.1
317,0.1
319,0.1
320,0.1
321,0.1
324,0.1
325,0.1
330,0.1
332,0.1
335,0.1
336,0.1
339,0.1
342,0.1
343,0.1
345,0.1
346,0.1
352,0.1
354,0.1
358,0.1
361,0.1
363,0.1
369,0.1
370,0.1
372,0.1
377,0.1
382,0.1
384,0.1
385,0.1
387,0.1
389,0.1
390,0.1
391,0.1
393,0.1
394,0.1
395,0.1
397,0.1
401,0.1
405,0.1
406,0.1
407,0.1
408,0.1
410,0.1
412,0.1
415,0.1
417,0.1
419,0.1
420,0.1
422,0.1
424,0.1
425,0.1
427,0.1
428,0.1
433,0.1
435,0.1
436,0.1
438,0.1
442,0.1
444,0.1
447,0.1
448,0.1
454,0.1
455,0.1
456,0.1
459,0.1
460,0.1
465,0.1
466,0.1
470,0.1
471,0.1
481,0.1
482,0.1
483,0.1
484,0.1
487,0.1
490,0.1
491,0.1
494,0.1
496,0.1
501,0.1
502,0.1
503,0.1
506,0.1
510,0.1
511,0.1
512,0.1
514,0.1
516,0.1
520,0.1
525,0.1
527,0.1
530,0.1
533,0.1
534,0.1
535,0.1
536,0.1
538,0.1
541,0.1
542,0.1
543,0.1
545,0.1
550,0.1
551,0.1
553,0.1
554,0.1
555,0.1
556,0.1
557,0.1
559,0.1
561,0.1
562,0.1
563,0.1
565,0.1
566,0.1
567,0.1
569,0.1
573,0.1
574,0.1
575,0.1
581,0.1
585,0.1
588,0.1
593,0.1
595,0.1
596,0.1
597,0.1
599,0.1
600,0.1
604,0.1
608,0.1
609,0.1
610,0.1
612,0.1
613,0.1
616,0.1
617,0.1
618,0.1
619,0.1
620,0.1
625,0.1
627,0.1
628,0.1
629,0.1
632,0.1
636,0.1
637,0.1
638,0.1
641,0.1
642,0.1
644,0.1
647,0.1
648,0.1
651,0.1
654,0.1
659,0.1
660,0.1
662,0.1
663,0.1
666,0.1
674,0.1
680,0.1
685,0.1
687,0.1
692,0.1
694,0.1
697,0.1
698,0.1
701,0.1
702,0.1
703,0.1
706,0.1
709,0.1
710,0.1
711,0.1
713,0.1
714,0.1
717,0.1
724,0.1
726,0.1
728,0.1
730,0.1
735,0.1
736,0.1
741,0.1
742,0.1
745,0.1
749,0.1
755,0.1
758,0.1
761,0.1
762,0.1
763,0.1
764,0.1
767,0.1
771,0.1
776,0.1
777,0.1
778,0.1
783,0.1
784,0.1
788,0.1
790,0.1
792,0.1
793,0.1
795,0.1
800,0.1
801,0.1
803,0.1
804,0.1
806,0.1
808,0.1
811,0.1
813,0.1
815,0.1
817,0.1
819,0.1
820,0.1
823,0.1
825,0.1
827,0.1
828,0.1
832,0.1
834,0.1
837,0.1
838,0.1
840,0.1
846,0.1
847,0.1
851,0.1
854,0.1
856,0.1
857,0.1
858,0.1
859,0.1
863,0.1
866,0.1
867,0.1
869,0.1
870,0.1
871,0.1
872,0.1
874,0.1
875,0.1
876,0.1
877,0.1
878,0.1
880,0.1
881,0.1
882,0.1
884,0.1
887,0.1
891,0.1
893,0.1
896,0.1
897,0.1
900,0.1
911,0.1
913,0.1
917,0.1
918,0.1
921,0.1
924,0.1
929,0.1
932,0.1
934,0.1
938,0.1
941,0.1
942,0.1
943,0.1
945,0.1
946,0.1
948,0.1
951,0.1
953,0.1
957,0.1
959,0.1
961,0.1
964,0.1
965,0.1
966,0.1
967,0.1
970,0.1
973,0.1
976,0.1
977,0.1
980,0.1
984,0.1
985,0.1
986,0.1
987,0.1
989,0.1
993,0.1
994,0.1
998,0.1
1004,0.1
1005,0.1
1009,0.1
1011,0.1
1012,0.1
1013,0.1
1017,0.1
1023,0.1
1025,0.1
1026,0.1
1027,0.1
1029,0.1
1033,0.1
1034,0.1
1035,0.1
1038,0.1
1039,0.1
1040,0.1
1041,0.1
1047,0.1
1049,0.1
1051,0.1
1052,0.1
1054,0.1
1059,0.1
1060,0.1
1068,0.1
1070,0.1
1073,0.1
1077,0.1
1080,0.1
1084,0.1
1090,0.1
1091,0.1
1092,0.1
1094,0.1
1095,0.1
1096,0.1
1098,0.1
1103,0.1
1104,0.1
1105,0.1
1108,0.1
1113,0.1
1114,0.1
1117,0.1
1118,0.1
1122,0.1
1123,0.1
1124,0.1
1130,0.1
1131,0.1
1134,0.1
1141,0.1
1147,0.1
1148,0.1
1150,0.1
1153,0.1
1154,0.1
1158,0.1
1159,0.1
1160,0.1
1163,0.1
1174,0.1
1177,0.1
1178,0.1
1181,0.1
1183,0.1
1186,0.1
1189,0.1
1190,0.1
1191,0.1
1198,0.1
1201,0.1
1202,0.1
1204,0.1
1217,0.1
1224,0.1
1225,0.1
1231,0.1
1236,0.1
1239,0.1
1242,0.1
1246,0.1
1247,0.1
1251,0.1
1252,0.1
1253,0.1
1255,0.1
1256,0.1
1260,0.1
1264,0.1
1269,0.1
1270,0.1
1276,0.1
1277,0.1
1280,0.1
1281,0.1
1282,0.1
1285,0.1
1288,0.1
1289,0.1
1291,0.1
1292,0.1
1295,0.1
1296,0.1
1297,0.1
1298,0.1
1299,0.1
1300,0.1
1301,0.1
1302,0.1
1303,0.1
1304,0.1
1305,0.1
1307,0.1
1312,0.1
1313,0.1
1314,0.1
1315,0.1
1320,0.1
1321,0.1
1325,0.1
1326,0.1
1327,0.1
1331,0.1
1332,0.1
1333,0.1
1336,0.1
1338,0.1
1339,0.1
1342,0.1
1350,0.1
1352,0.1
1353,0.1
1357,0.1
1358,0.1
1359,0.1
1360,0.1
1362,0.1
1364,0.1
1366,0.1
1368,0.1
1373,0.1
1374,0.1
1377,0.1
1380,0.1
1381,0.1
1383,0.1
1385,0.1
1386,0.1
1390,0.1
1393,0.1
1398,0.1
1404,0.1
1405,0.1
1406,0.1
1407,0.1
1408,0.1
1409,0.1
1414,0.1
1416,0.1
1419,0.1
1421,0.1
1424,0.1
1427,0.1
1428,0.1
1429,0.1
1430,0.1
1432,0.1
1433,0.1
1436,0.1
1437,0.1
1440,0.1
1444,0.1
1453,0.1
1455,0.1
1458,0.1
1459,0.1
1462,0.1
1463,0.1
1468,0.1
1470,0.1
1475,0.1
1477,0.1
1479,0.1
1480,0.1
1481,0.1
1482,0.1
1488,0.1
1489,0.1
1494,0.1
1499,0.1
1502,0.1
1504,0.1
1506,0.1
1507,0.1
1508,0.1
1510,0.1
1511,0.1
1513,0.1
1518,0.1
1519,0.1
1520,0.1
1521,0.1
1522,0.1
1524,0.1
1529,0.1
1530,0.1
1533,0.1
1536,0.1
1537,0.1
1539,0.1
1541,0.1
1544,0.1
1545,0.1
1546,0.1
1547,0.1
1548,0.1
1557,0.1
1565,0.1
1566,0.1
1567,0.1
1569,0.1
1575,0.1
1578,0.1
1589,0.1
1595,0.1
1596,0.1
1597,0.1
1599,0.1
1600,0.1
1602,0.1
1603,0.1
1604,0.1
1607,0.1
1610,0.1
1613,0.1
1618,0.1
1621,0.1
1622,0.1
1623,0.1
1628,0.1
1633,0.1
1636,0.1
1637,0.1
1638,0.1
1643,0.1
1644,0.1
1647,0.1
1649,0.1
1655,0.1
1657,0.1
1662,0.1
1674,0.1
1675,0.1
1676,0.1
1684,0.1
1685,0.1
1686,0.1
1687,0.1
1691,0.1
1698,0.1
1699,0.1
1700,0.1
1703,0.1
1704,0.1
1705,0.1
1710,0.1
1714,0.1
1715,0.1
1718,0.1
1727,0.1
1728,0.1
1730,0.1
1731,0.1
1732,0.1
1736,0.1
1740,0.1
1745,0.1
1747,0.1
1749,0.1
1755,0.1
1756,0.1
1758,0.1
1759,0.1
1761,0.1
1766,0.1
1770,0.1
1771,0.1
1772,0.1
1773,0.1
1774,0.1
1783,0.1
1785,0.1
1786,0.1
1788,0.1
1789,0.1
1792,0.1
1798,0.1
1800,0.1
1804,0.1
1806,0.1
1808,0.1
1809,0.1
1810,0.1
1818,0.1
1822,0.1
1824,0.1
1825,0.1
1826,0.1
1827,0.1
1828,0.1
1830,0.1
1831,0.1
1837,0.1
1840,0.1
1841,0.1
1842,0.1
1848,0.1
1850,0.1
1851,0.1
1852,0.1
1853,0.1
1855,0.1
1857,0.1
1858,0.1
1860,0.1
1863,0.1
1866,0.1
1868,0.1
1869,0.1
1873,0.1
1879,0.1
1880,0.1
1883,0.1
1884,0.1
1891,0.1
1892,0.1
1893,0.1
1894,0.1
1896,0.1
1897,0.1
1898,0.1
1899,0.1
1900,0.1
1901,0.1
1903,0.1
1909,0.1
1910,0.1
1913,0.1
1915,0.1
1916,0.1
1918,0.1
1921,0.1
1924,0.1
1925,0.1
1927,0.1
1928,0.1
1929,0.1
1933,0.1
1935,0.1
1936,0.1
1937,0.1
1939,0.1
1941,0.1
1945,0.1
1949,0.1
1950,0.1
1953,0.1
1954,0.1
1955,0.1
1956,0.1
1957,0.1
1958,0.1
1959,0.1
1960,0.1
1961,0.1
1962,0.1
1966,0.1
1967,0.1
1968,0.1
1970,0.1
1973,0.1
1976,0.1
1977,0.1
1978,0.1
1981,0.1
1986,0.1
1988,0.1
1989,0.1
1991,0.1
1993,0.1
1995,0.1
1998,0.1
2000,0.1
2001,0.1
2005,0.1
2007,0.1
2011,0.1
2012,0.1
2014,0.1
2017,0.1
2021,0.1
2027,0.1
2028,0.1
2029,0.1
2032,0.1
2036,0.1
2038,0.1
2039,0.1
2045,0.1
2047,0.1
2050,0.1
2051,0.1
2052,0.1
2055,0.1
2060,0.1
2061,0.1
2063,0.1
2064,0.1
2069,0.1
2071,0.1
2072,0.1
2073,0.1
2074,0.1
2075,0.1
2077,0.1
2078,0.1
2079,0.1
2080,0.1
2083,0.1
2085,0.1
2087,0.1
2088,0.1
2089,0.1
2090,0.1
2093,0.1
2097,0.1
2098,0.1
2102,0.1
2104,0.1
2105,0.1
2106,0.1
2109,0.1
2110,0.1
2112,0.1
2113,0.1
2114,0.1
2122,0.1
2123,0.1
2124,0.1
2126,0.1
2130,0.1
2131,0.1
2132,0.1
2135,0.1
2137,0.1
2141,0.1
2143,0.1
2144,0.1
2150,0.1
2151,0.1
2153,0.1
2156,0.1
2157,0.1
2158,0.1
2164,0.1
2167,0.1
2182,0.1
2183,0.1
2186,0.1
2193,0.1
2196,0.1
2198,0.1
2201,0.1
2202,0.1
2203,0.1
2204,0.1
2205,0.1
2206,0.1
2207,0.1
2209,0.1
2211,0.1
2217,0.1
2219,0.1
2220,0.1
2222,0.1
2223,0.1
2226,0.1
2227,0.1
2230,0.1
2232,0.1
2238,0.1
2245,0.1
2247,0.1
2248,0.1
2257,0.1
2262,0.1
2265,0.1
2266,0.1
2270,0.1
2273,0.1
2275,0.1
2277,0.1
2278,0.1
2285,0.1
2289,0.1
2293,0.1
2298,0.1
2299,0.1
2301,0.1
2302,0.1
2307,0.1
2308,0.1
2311,0.1
2314,0.1
2316,0.1
2319,0.1
2320,0.1
2328,0.1
2329,0.1
2332,0.1
2336,0.1
2343,0.1
2346,0.1
2347,0.1
2349,0.1
2351,0.1
2355,0.1
2356,0.1
2360,0.1
2361,0.1
2362,0.1
2364,0.1
2366,0.1
2367,0.1
2368,0.1
2369,0.1
2370,0.1
2371,0.1
2372,0.1
2377,0.1
2378,0.1
2385,0.1
2388,0.1
2390,0.1
2395,0.1
2397,0.1
2399,0.1
2401,0.1
2403,0.1
2404,0.1
2410,0.1
2415,0.1
2416,0.1
2418,0.1
2420,0.1
2422,0.1
2425,0.1
2428,0.1
2430,0.1
2434,0.1
2436,0.1
2442,0.1
2444,0.1
2445,0.1
2447,0.1
2456,0.1
2459,0.1
2460,0.1
2462,0.1
2463,0.1
2464,0.1
2465,0.1
2473,0.1
2475,0.1
2476,0.1
2478,0.1
2482,0.1
2483,0.1
2484,0.1
2490,0.1
2491,0.1
2495,0.1
2498,0.1
2503,0.1
2507,0.1
2510,0.1
2512,0.1
2515,0.1
2518,0.1
2519,0.1
2521,0.1
2523,0.1
2524,0.1
2525,0.1
2526,0.1
2528,0.1
2529,0.1
2530,0.1
2532,0.1
2537,0.1
2538,0.1
2539,0.1
2540,0.1
2541,0.1
2543,0.1
2544,0.1
2545,0.1
2548,0.1
2549,0.1
2550,0.1
2552,0.1
2554,0.1
2556,0.1
2560,0.1
2563,0.1
2571,0.1
2573,0.1
2574,0.1
2575,0.1
2577,0.1
2578,0.1
2580,0.1
2581,0.1
2582,0.1
2584,0.1
2588,0.1
2590,0.1
2591,0.1
2593,0.1
2595,0.1
2600,0.1
2605,0.1
2608,0.1
2609,0.1
2610,0.1
2617,0.1
2618,0.1
2620,0.1
2621,0.1
2623,0.1
2631,0.1
2635,0.1
2638,0.1
2641,0.1
2643,0.1
2644,0.1
2645,0.1
2646,0.1
2647,0.1
2653,0.1
2655,0.1
2656,0.1
2658,0.1
2659,0.1
2660,0.1
2664,0.1
2666,0.1
2670,0.1
2673,0.1
2674,0.1
2675,0.1
2676,0.1
2677,0.1
2678,0.1
2680,0.1
2682,0.1
2684,0.1
2685,0.1
2687,0.1
2690,0.1
2694,0.1
2697,0.1
2702,0.1
2704,0.1
2706,0.1
2711,0.1
2712,0.1
2713,0.1
2717,0.1
2721,0.1
2729,0.1
2730,0.1
2731,0.1
2732,0.1
2735,0.1
2739,0.1
2741,0.1
2743,0.1
2744,0.1
2745,0.1
2748,0.1
2751,0.1
2752,0.1
2757,0.1
2768,0.1
2769,0.1
2770,0.1
2771,0.1
2774,0.1
2776,0.1
2779,0.1
2780,0.1
2782,0.1
2784,0.1
2785,0.1
2786,0.1
2788,0.1
2790,0.1
2793,0.1
2794,0.1
2795,0.1
2797,0.1
2798,0.1
2802,0.1
2803,0.1
2806,0.1
2807,0.1
2809,0.1
2811,0.1
2813,0.1
2814,0.1
2819,0.1
2820,0.1
2827,0.1
2834,0.1
2835,0.1
2836,0.1
2838,0.1
2843,0.1
2844,0.1
2845,0.1
2851,0.1
2853,0.1
2856,0.1
2858,0.1
2861,0.1
2862,0.1
2863,0.1
2866,0.1
2868,0.1
2869,0.1
2870,0.1
2871,0.1
2874,0.1
2875,0.1
2877,0.1
2878,0.1
2879,0.1
2887,0.1
2888,0.1
2889,0.1
2890,0.1
2891,0.1
2893,0.1
2894,0.1
2901,0.1
2902,0.1
2904,0.1
2907,0.1
2908,0.1
2910,0.1
2913,0.1
2918,0.1
2919,0.1
2921,0.1
2931,0.1
2932,0.1
2934,0.1
2935,0.1
2937,0.1
2939,0.1
2940,0.1
2941,0.1
2943,0.1
2946,0.1
2948,0.1
2951,0.1
2952,0.1
2956,0.1
2957,0.1
2958,0.1
2960,0.1
2963,0.1
2973,0.1
2975,0.1
2976,0.1
2979,0.1
2980,0.1
2984,0.1
2985,0.1
2987,0.1
2990,0.1
2996,0.1
2998,0.1
2999,0.1
3000,0.1
3003,0.1
3004,0.1
3006,0.1
3007,0.1
3008,0.1
3011,0.1
3013,0.1
3014,0.1
3015,0.1
3016,0.1
3017,0.1
3018,0.1
3019,0.1
3021,0.1
3032,0.1
3038,0.1
3039,0.1
3040,0.1
3042,0.1
3048,0.1
3049,0.1
3050,0.1
3057,0.1
3058,0.1
3059,0.1
3064,0.1
3067,0.1
3068,0.1
3069,0.1
3071,0.1
3072,0.1
3075,0.1
3078,0.1
3080,0.1
3081,0.1
3084,0.1
3085,0.1
3086,0.1
3087,0.1
3091,0.1
3094,0.1
3095,0.1
3096,0.1
3097,0.1
3100,0.1
3102,0.1
3105,0.1
3106,0.1
3111,0.1
3112,0.1
3117,0.1
3118,0.1
3119,0.1
3126,0.1
3128,0.1
3132,0.1
3133,0.1
3135,0.1
3136,0.1
3137,0.1
3141,0.1
3142,0.1
3143,0.1
3144,0.1
3145,0.1
3148,0.1
3153,0.1
3157,0.1
3158,0.1
3160,0.1
3161,0.1
3169,0.1
3171,0.1
3177,0.1
3180,0.1
3187,0.1
3188,0.1
3189,0.1
3190,0.1
3191,0.1
3192,0.1
3193,0.1
3194,0.1
3195,0.1
3197,0.1
3198,0.1
3201,0.1
3202,0.1
3203,0.1
3205,0.1
3207,0.1
3208,0.1
3214,0.1
3215,0.1
3216,0.1
3223,0.1
3227,0.1
3228,0.1
3230,0.1
3231,0.1
3239,0.1
3243,0.1
3244,0.1
3245,0.1
3247,0.1
3248,0.1
3249,0.1
3253,0.1
3257,0.1
3259,0.1
3261,0.1
3264,0.1
3267,0.1
3268,0.1
3270,0.1
3271,0.1
3272,0.1
3278,0.1
3283,0.1
3284,0.1
3286,0.1
3289,0.1
3291,0.1
3292,0.1
3294,0.1
3298,0.1
3299,0.1
3301,0.1
3302,0.1
3308,0.1
3309,0.1
3310,0.1
3312,0.1
3313,0.1
3315,0.1
3322,0.1
3323,0.1
3325,0.1
3331,0.1
3337,0.1
3339,0.1
3344,0.1
3345,0.1
3347,0.1
3351,0.1
3354,0.1
3355,0.1
3357,0.1
3361,0.1
3364,0.1
3365,0.1
3366,0.1
3368,0.1
3370,0.1
3372,0.1
3373,0.1
3374,0.1
3380,0.1
3383,0.1
3388,0.1
3390,0.1
3393,0.1
3394,0.1
3397,0.1
3399,0.1
3400,0.1
3401,0.1
3402,0.1
3403,0.1
3406,0.1
3411,0.1
3414,0.1
3415,0.1
3418,0.1
3419,0.1
3423,0.1
3427,0.1
3429,0.1
3433,0.1
3435,0.1
3438,0.1
3439,0.1
3442,0.1
3448,0.1
3449,0.1
3455,0.1
3456,0.1
3465,0.1
3471,0.1
3472,0.1
3474,0.1
3475,0.1
3484,0.1
3486,0.1
3488,0.1
3489,0.1
3491,0.1
3495,0.1
3496,0.1
3498,0.1
3499,0.1
3500,0.1
3501,0.1
3505,0.1
3510,0.1
3512,0.1
3516,0.1
3517,0.1
3518,0.1
3519,0.1
3520,0.1
3521,0.1
3522,0.1
3525,0.1
3526,0.1
3532,0.1
3539,0.1
3543,0.1
3544,0.1
3550,0.1
3551,0.1
3552,0.1
3556,0.1
3557,0.1
3558,0.1
3561,0.1
3563,0.1
3564,0.1
3565,0.1
3568,0.1
3569,0.1
3571,0.1
3573,0.1
3576,0.1
3577,0.1
3579,0.1
3581,0.1
3582,0.1
3586,0.1
3587,0.1
3592,0.1
3593,0.1
3594,0.1
3595,0.1
3599,0.1
3600,0.1
3602,0.1
3603,0.1
3604,0.1
3607,0.1
3608,0.1
3609,0.1
3610,0.1
3612,0.1
3613,0.1
3617,0.1
3618,0.1
3619,0.1
3623,0.1
3625,0.1
3629,0.1
3631,0.1
3632,0.1
3634,0.1
3639,0.1
3640,0.1
3641,0.1
3645,0.1
3647,0.1
3648,0.1
3650,0.1
3655,0.1
3656,0.1
3660,0.1
3661,0.1
3664,0.1
3665,0.1
3669,0.1
3670,0.1
3672,0.1
3674,0.1
3675,0.1
3676,0.1
3680,0.1
3682,0.1
3687,0.1
3689,0.1
3690,0.1
3691,0.1
3694,0.1
3695,0.1
3697,0.1
3699,0.1
3704,0.1
3706,0.1
3708,0.1
3713,0.1
3715,0.1
3719,0.1
3722,0.1
3723,0.1
3728,0.1
3729,0.1
3733,0.1
3734,0.1
3736,0.1
3737,0.1
3741,0.1
3745,0.1
3746,0.1
3747,0.1
3753,0.1
3755,0.1
3757,0.1
3760,0.1
3761,0.1
3764,0.1
3768,0.1
3772,0.1
3773,0.1
3774,0.1
3780,0.1
3782,0.1
3783,0.1
3785,0.1
3787,0.1
3790,0.1
3791,0.1
3796,0.1
3801,0.1
3806,0.1
3808,0.1
3809,0.1
3810,0.1
3811,0.1
3814,0.1
3815,0.1
3819,0.1
3821,0.1
3828,0.1
3830,0.1
3832,0.1
3833,0.1
3835,0.1
3836,0.1
3839,0.1
3841,0.1
3842,0.1
3844,0.1
3846,0.1
3847,0.1
3848,0.1
3850,0.1
3851,0.1
3854,0.1
3857,0.1
3858,0.1
3860,0.1
3861,0.1
3862,0.1
3867,0.1
3869,0.1
3871,0.1
3873,0.1
3874,0.1
3875,0.1
3877,0.1
3879,0.1
3880,0.1
3881,0.1
3882,0.1
3887,0.1
3891,0.1
3894,0.1
3898,0.1
3899,0.1
3901,0.1
3903,0.1
3908,0.1
3909,0.1
3911,0.1
3913,0.1
3914,0.1
3917,0.1
3920,0.1
3922,0.1
3925,0.1
3926,0.1
3928,0.1
3929,0.1
3930,0.1
3931,0.1
3933,0.1
3938,0.1
3943,0.1
3946,0.1
3948,0.1
3949,0.1
3950,0.1
3951,0.1
3953,0.1
3957,0.1
3964,0.1
3969,0.1
3971,0.1
3972,0.1
3974,0.1
3975,0.1
3976,0.1
3979,0.1
3981,0.1
3982,0.1
3983,0.1
3986,0.1
3987,0.1
3989,0.1
3990,0.1
3991,0.1
3993,0.1
3994,0.1
3996,0.1
4001,0.1
4003,0.1
4005,0.1
4012,0.1
4013,0.1
4014,0.1
4015,0.1
4016,0.1
4017,0.1
4019,0.1
4024,0.1
4029,0.1
4030,0.1
4031,0.1
4035,0.1
4036,0.1
4038,0.1
4041,0.1
4043,0.1
4046,0.1
4050,0.1
4065,0.1
4067,0.1
4069,0.1
4070,0.1
4071,0.1
4073,0.1
4075,0.1
4076,0.1
4077,0.1
4079,0.1
4080,0.1
4084,0.1
4088,0.1
4096,0.1
4101,0.1
4102,0.1
4106,0.1
4110,0.1
4111,0.1
4115,0.1
4116,0.1
4117,0.1
4119,0.1
4120,0.1
4122,0.1
4124,0.1
4125,0.1
4126,0.1
4127,0.1
4131,0.1
4135,0.1
4137,0.1
4139,0.1
4140,0.1
4141,0.1
4145,0.1
4151,0.1
4152,0.1
4158,0.1
4163,0.1
4165,0.1
4166,0.1
4167,0.1
4170,0.1
4171,0.1
4172,0.1
4173,0.1
4175,0.1
4178,0.1
4179,0.1
4180,0.1
4181,0.1
4182,0.1
4184,0.1
4186,0.1
4193,0.1
4195,0.1
4197,0.1
4203,0.1
4204,0.1
4207,0.1
4208,0.1
4209,0.1
4211,0.1
4216,0.1
4218,0.1
4219,0.1
4220,0.1
4222,0.1
4224,0.1
4227,0.1
4230,0.1
4232,0.1
4235,0.1
4237,0.1
4244,0.1
4249,0.1
4251,0.1
4252,0.1
4253,0.1
4258,0.1
4260,0.1
4268,0.1
4271,0.1
4272,0.1
4277,0.1
4280,0.1
4281,0.1
4282,0.1
4283,0.1
4286,0.1
4287,0.1
4289,0.1
4290,0.1
4294,0.1
4300,0.1
4305,0.1
4306,0.1
4310,0.1
4313,0.1
4314,0.1
4316,0.1
4318,0.1
4322,0.1
4324,0.1
4325,0.1
4326,0.1
4328,0.1
4329,0.1
4330,0.1
4331,0.1
4339,0.1
4341,0.1
4343,0.1
4344,0.1
4345,0.1
4348,0.1
4349,0.1
4352,0.1
4353,0.1
4355,0.1
4357,0.1
4358,0.1
4360,0.1
4364,0.1
4365,0.1
4368,0.1
4369,0.1
4370,0.1
4380,0.1
4382,0.1
4383,0.1
4385,0.1
4386,0.1
4390,0.1
4391,0.1
4397,0.1
4398,0.1
4399,0.1
4403,0.1
4405,0.1
4406,0.1
4409,0.1
4410,0.1
4412,0.1
4413,0.1
4414,0.1
4416,0.1
4421,0.1
4423,0.1
4424,0.1
4425,0.1
4426,0.1
4427,0.1
4429,0.1
4432,0.1
4438,0.1
4442,0.1
4445,0.1
4449,0.1
4451,0.1
4457,0.1
4461,0.1
4464,0.1
4467,0.1
4468,0.1
4469,0.1
4471,0.1
4473,0.1
4474,0.1
4476,0.1
4484,0.1
4485,0.1
4487,0.1
4489,0.1
4492,0.1
4496,0.1
4498,0.1
4499,0.1
4501,0.1
4502,0.1
4510,0.1
4511,0.1
4516,0.1
4517,0.1
4518,0.1
4521,0.1
4522,0.1
4523,0.1
4527,0.1
4528,0.1
4530,0.1
4534,0.1
4535,0.1
4537,0.1
4541,0.1
4543,0.1
4546,0.1
4549,0.1
4554,0.1
4556,0.1
4559,0.1
4563,0.1
4564,0.1
4565,0.1
4566,0.1
4567,0.1
4570,0.1
4575,0.1
4576,0.1
4579,0.1
4580,0.1
4581,0.1
4584,0.1
4587,0.1
4589,0.1
4593,0.1
4597,0.1
4599,0.1
4600,0.1
4601,0.1
4602,0.1
4606,0.1
4607,0.1
4610,0.1
4611,0.1
4613,0.1
4614,0.1
4615,0.1
4617,0.1
4620,0.1
4622,0.1
4625,0.1
4633,0.1
4639,0.1
4640,0.1
4641,0.1
4642,0.1
4643,0.1
4645,0.1
4646,0.1
4648,0.1
4649,0.1
4658,0.1
4660,0.1
4664,0.1
4665,0.1
4668,0.1
4670,0.1
4674,0.1
4675,0.1
4677,0.1
4678,0.1
4679,0.1
4680,0.1
4681,0.1
4684,0.1
4685,0.1
4686,0.1
4688,0.1
4691,0.1
4694,0.1
4696,0.1
4698,0.1
4701,0.1
4703,0.1
4706,0.1
4707,0.1
4711,0.1
4712,0.1
4714,0.1
4719,0.1
4722,0.1
4726,0.1
4730,0.1
4732,0.1
4733,0.1
4736,0.1
4739,0.1
4744,0.1
4747,0.1
4748,0.1
4754,0.1
4755,0.1
4759,0.1
4760,0.1
4765,0.1
4766,0.1
4771,0.1
4773,0.1
4774,0.1
4775,0.1
4778,0.1
4779,0.1
4782,0.1
4783,0.1
4784,0.1
4785,0.1
4788,0.1
4792,0.1
4796,0.1
4797,0.1
4799,0.1
4801,0.1
4803,0.1
4805,0.1
4806,0.1
4808,0.1
4809,0.1
4810,0.1
4814,0.1
4819,0.1
4822,0.1
4826,0.1
4828,0.1
4829,0.1
4834,0.1
4835,0.1
4836,0.1
4837,0.1
4838,0.1
4839,0.1
4841,0.1
4845,0.1
4846,0.1
4848,0.1
4849,0.1
4850,0.1
4851,0.1
4852,0.1
4856,0.1
4860,0.1
4862,0.1
4864,0.1
4868,0.1
4869,0.1
4871,0.1
4873,0.1
4879,0.1
4880,0.1
4881,0.1
4883,0.1
4884,0.1
4885,0.1
4888,0.1
4891,0.1
4894,0.1
4895,0.1
4900,0.1
4901,0.1
4903,0.1
4904,0.1
4906,0.1
4907,0.1
4908,0.1
4909,0.1
4912,0.1
4913,0.1
4915,0.1
4919,0.1
4921,0.1
4923,0.1
4925,0.1
4928,0.1
4930,0.1
4933,0.1
4938,0.1
4939,0.1
4948,0.1
4952,0.1
4954,0.1
4959,0.1
4960,0.1
4970,0.1
4971,0.1
4973,0.1
4974,0.1
4976,0.1
4982,0.1
4988,0.1
4992,0.1
4993,0.1
4994,0.1
4996,0.1
4999,0.1
5000,0.1
5002,0.1
5003,0.1
5004,0.1
5005,0.1
5012,0.1
5013,0.1
5014,0.1
5018,0.1
5023,0.1
5024,0.1
5028,0.1
5029,0.1
5033,0.1
5034,0.1
5036,0.1
5037,0.1
5039,0.1
5040,0.1
5041,0.1
5042,0.1
5044,0.1
5045,0.1
5047,0.1
5049,0.1
5055,0.1
5056,0.1
5061,0.1
5063,0.1
5064,0.1
5065,0.1
5071,0.1
5073,0.1
5078,0.1
5082,0.1
5084,0.1
5085,0.1
5086,0.1
5090,0.1
5091,0.1
5094,0.1
5096,0.1
5098,0.1
5101,0.1
5103,0.1
5104,0.1
5106,0.1
5109,0.1
5111,0.1
5112,0.1
5113,0.1
5114,0.1
5115,0.1
5116,0.1
5118,0.1
5119,0.1
5120,0.1
5122,0.1
5126,0.1
5129,0.1
5131,0.1
5132,0.1
5134,0.1
5135,0.1
5139,0.1
5145,0.1
5146,0.1
5149,0.1
5152,0.1
5153,0.1
5155,0.1
5157,0.1
5163,0.1
5164,0.1
5166,0.1
5170,0.1
5177,0.1
5181,0.1
5185,0.1
5186,0.1
5190,0.1
5191,0.1
5193,0.1
5195,0.1
5197,0.1
5198,0.1
5206,0.1
5209,0.1
5213,0.1
5215,0.1
5218,0.1
5220,0.1
5221,0.1
5226,0.1
5229,0.1
5231,0.1
5232,0.1
5234,0.1
5235,0.1
5237,0.1
5238,0.1
5240,0.1
5244,0.1
5246,0.1
5247,0.1
5252,0.1
5255,0.1
5256,0.1
5259,0.1
5260,0.1
5262,0.1
5264,0.1
5265,0.1
5273,0.1
5276,0.1
5280,0.1
5281,0.1
5282,0.1
5283,0.1
5284,0.1
5287,0.1
5290,0.1
5291,0.1
5296,0.1
5297,0.1
5299,0.1
5302,0.1
5304,0.1
5306,0.1
5307,0.1
5309,0.1
5312,0.1
5313,0.1
5321,0.1
5322,0.1
5334,0.1
5335,0.1
5336,0.1
5337,0.1
5338,0.1
5341,0.1
5343,0.1
5344,0.1
5349,0.1
5350,0.1
5355,0.1
5360,0.1
5362,0.1
5363,0.1
5364,0.1
5367,0.1
5369,0.1
5373,0.1
5375,0.1
5377,0.1
5378,0.1
5384,0.1
5385,0.1
5388,0.1
5393,0.1
5395,0.1
5396,0.1
5398,0.1
5399,0.1
5409,0.1
5411,0.1
5416,0.1
5417,0.1
5418,0.1
5421,0.1
5424,0.1
5425,0.1
5431,0.1
5433,0.1
5435,0.1
5439,0.1
5440,0.1
5441,0.1
5442,0.1
5444,0.1
5453,0.1
5455,0.1
5457,0.1
5458,0.1
5459,0.1
5461,0.1
5462,0.1
5463,0.1
5467,0.1
5469,0.1
5472,0.1
5473,0.1
5474,0.1
5476,0.1
5480,0.1
5481,0.1
5483,0.1
5487,0.1
5488,0.1
5489,0.1
5492,0.1
5493,0.1
5494,0.1
5496,0.1
5498,0.1
5499,0.1
5500,0.1
5503,0.1
5506,0.1
5507,0.1
5508,0.1
5509,0.1
5510,0.1
5511,0.1
5513,0.1
5514,0.1
5518,0.1
5519,0.1
5522,0.1
5525,0.1
5528,0.1
5529,0.1
5531,0.1
5533,0.1
5534,0.1
5539,0.1
5542,0.1
5543,0.1
5544,0.1
5547,0.1
5549,0.1
5550,0.1
5551,0.1
5555,0.1
5558,0.1
5563,0.1
5567,0.1
5568,0.1
5569,0.1
5570,0.1
5573,0.1
5576,0.1
5592,0.1
5593,0.1
5594,0.1
5595,0.1
5596,0.1
5599,0.1
5601,0.1
5604,0.1
5606,0.1
5607,0.1
5611,0.1
5615,0.1
5616,0.1
5617,0.1
5618,0.1
5619,0.1
5623,0.1
5631,0.1
5632,0.1
5635,0.1
5637,0.1
5642,0.1
5643,0.1
5645,0.1
5647,0.1
5648,0.1
5655,0.1
5657,0.1
5658,0.1
5659,0.1
5660,0.1
5661,0.1
5669,0.1
5670,0.1
5674,0.1
5675,0.1
5679,0.1
5680,0.1
5682,0.1
5686,0.1
5690,0.1
5692,0.1
5694,0.1
5696,0.1
5697,0.1
5699,0.1
5700,0.1
5701,0.1
5705,0.1
5707,0.1
5709,0.1
5711,0.1
5714,0.1
5717,0.1
5719,0.1
5721,0.1
5722,0.1
5723,0.1
5727,0.1
5728,0.1
5729,0.1
5734,0.1
5736,0.1
5739,0.1
5742,0.1
5743,0.1
5744,0.1
5745,0.1
5747,0.1
5748,0.1
5752,0.1
5754,0.1
5755,0.1
5757,0.1
5760,0.1
5761,0.1
5766,0.1
5768,0.1
5769,0.1
5771,0.1
5772,0.1
5773,0.1
5774,0.1
5781,0.1
5789,0.1
5790,0.1
5792,0.1
5793,0.1
5794,0.1
5795,0.1
5796,0.1
5800,0.1
5802,0.1
5804,0.1
5809,0.1
5811,0.1
5815,0.1
5816,0.1
5818,0.1
5822,0.1
5824,0.1
5825,0.1
5828,0.1
5829,0.1
5834,0.1
5836,0.1
5837,0.1
5844,0.1
5846,0.1
5849,0.1
5850,0.1
5853,0.1
5856,0.1
5857,0.1
5860,0.1
5863,0.1
5864,0.1
5865,0.1
5867,0.1
5869,0.1
5870,0.1
5871,0.1
5873,0.1
5877,0.1
5878,0.1
5879,0.1
5883,0.1
5884,0.1
5886,0.1
5889,0.1
5890,0.1
5891,0.1
5895,0.1
5896,0.1
5898,0.1
5901,0.1
5902,0.1
5903,0.1
5904,0.1
5910,0.1
5911,0.1
5913,0.1
5914,0.1
5916,0.1
5917,0.1
5918,0.1
5919,0.1
5921,0.1
5930,0.1
5931,0.1
5933,0.1
5941,0.1
5943,0.1
5944,0.1
5946,0.1
5947,0.1
5950,0.1
5952,0.1
5953,0.1
5954,0.1
5958,0.1
5961,0.1
5962,0.1
5965,0.1
5972,0.1
5973,0.1
5975,0.1
5977,0.1
5978,0.1
5985,0.1
5987,0.1
5988,0.1
5990,0.1
5992,0.1
5994,0.1
5997,0.1
5998,0.1
6000,0.1
6004,0.1
6005,0.1
6011,0.1
6012,0.1
6020,0.1
6023,0.1
6026,0.1
6027,0.1
6029,0.1
6032,0.1
6034,0.1
6036,0.1
6037,0.1
6038,0.1
6039,0.1
6043,0.1
6053,0.1
6054,0.1
6055,0.1
6058,0.1
6059,0.1
6060,0.1
6064,0.1
6066,0.1
6068,0.1
6069,0.1
6074,0.1
6075,0.1
6077,0.1
6083,0.1
6084,0.1
6085,0.1
6086,0.1
6089,0.1
6091,0.1
6093,0.1
6095,0.1
6098,0.1
6100,0.1
6104,0.1
6105,0.1
6107,0.1
6111,0.1
6112,0.1
6113,0.1
6114,0.1
6116,0.1
6120,0.1
6121,0.1
6122,0.1
6126,0.1
6127,0.1
6131,0.1
6133,0.1
6135,0.1
6136,0.1
6138,0.1
6139,0.1
6141,0.1
6143,0.1
6150,0.1
6152,0.1
6154,0.1
6155,0.1
6157,0.1
6158,0.1
6160,0.1
6161,0.1
6166,0.1
6173,0.1
6174,0.1
6181,0.1
6182,0.1
6183,0.1
6185,0.1
6187,0.1
6189,0.1
6190,0.1
6191,0.1
6192,0.1
6194,0.1
6195,0.1
6197,0.1
6199,0.1
6200,0.1
6201,0.1
6202,0.1
6203,0.1
6206,0.1
6207,0.1
6211,0.1
6215,0.1
6222,0.1
6224,0.1
6227,0.1
6228,0.1
6235,0.1
6237,0.1
6238,0.1
6240,0.1
6245,0.1
6246,0.1
6247,0.1
6249,0.1
6251,0.1
6252,0.1
6253,0.1
6254,0.1
6256,0.1
6260,0.1
6261,0.1
6269,0.1
6270,0.1
6271,0.1
6273,0.1
6279,0.1
6280,0.1
6282,0.1
6283,0.1
6291,0.1
6294,0.1
6295,0.1
6304,0.1
6313,0.1
6319,0.1
6320,0.1
6324,0.1
6327,0.1
6332,0.1
6333,0.1
6337,0.1
6338,0.1
6343,0.1
6348,0.1
6349,0.1
6350,0.1
6351,0.1
6353,0.1
6354,0.1
6356,0.1
6359,0.1
6363,0.1
6364,0.1
6366,0.1
6369,0.1
6371,0.1
6372,0.1
6375,0.1
6376,0.1
6377,0.1
6378,0.1
6383,0.1
6389,0.1
6396,0.1
6398,0.1
6399,0.1
6402,0.1
6403,0.1
6405,0.1
6407,0.1
6409,0.1
6410,0.1
6411,0.1
6412,0.1
6414,0.1
6420,0.1
6423,0.1
6424,0.1
6426,0.1
6430,0.1
6431,0.1
6433,0.1
6437,0.1
6438,0.1
6440,0.1
6443,0.1
6444,0.1
6445,0.1
6454,0.1
6457,0.1
6458,0.1
6463,0.1
6468,0.1
6469,0.1
6473,0.1
6474,0.1
6475,0.1
6479,0.1
6480,0.1
6482,0.1
6483,0.1
6485,0.1
6486,0.1
6487,0.1
6490,0.1
6491,0.1
6494,0.1
6495,0.1
6497,0.1
6500,0.1
6502,0.1
6503,0.1
6505,0.1
6508,0.1
6510,0.1
6515,0.1
6516,0.1
6517,0.1
6518,0.1
6525,0.1
6528,0.1
6529,0.1
6530,0.1
6534,0.1
6536,0.1
6538,0.1
6540,0.1
6544,0.1
6547,0.1
6549,0.1
6551,0.1
6554,0.1
6555,0.1
6556,0.1
6558,0.1
6559,0.1
6560,0.1
6562,0.1
6565,0.1
6567,0.1
6570,0.1
6574,0.1
6579,0.1
6584,0.1
6587,0.1
6589,0.1
6595,0.1
6596,0.1
6599,0.1
6600,0.1
6603,0.1
6604,0.1
6607,0.1
6609,0.1
6610,0.1
6611,0.1
6612,0.1
6614,0.1
6617,0.1
6618,0.1
6619,0.1
6620,0.1
6625,0.1
6631,0.1
6632,0.1
6636,0.1
6638,0.1
6639,0.1
6640,0.1
6641,0.1
6643,0.1
6646,0.1
6649,0.1
6651,0.1
6653,0.1
6654,0.1
6655,0.1
6660,0.1
6667,0.1
6668,0.1
6669,0.1
6670,0.1
6672,0.1
6673,0.1
6674,0.1
6682,0.1
6685,0.1
6687,0.1
6690,0.1
6691,0.1
6700,0.1
6709,0.1
6710,0.1
6712,0.1
6714,0.1
6715,0.1
6717,0.1
6722,0.1
6729,0.1
6730,0.1
6735,0.1
6737,0.1
6740,0.1
6741,0.1
6742,0.1
6746,0.1
6753,0.1
6754,0.1
6755,0.1
6757,0.1
6760,0.1
6762,0.1
6764,0.1
6767,0.1
6770,0.1
6772,0.1
6774,0.1
6775,0.1
6777,0.1
6779,0.1
6788,0.1
6789,0.1
6790,0.1
6793,0.1
6797,0.1
6798,0.1
6801,0.1
6804,0.1
6805,0.1
6806,0.1
6808,0.1
6811,0.1
6817,0.1
6818,0.1
6821,0.1
6823,0.1
6824,0.1
6826,0.1
6828,0.1
6830,0.1
6835,0.1
6837,0.1
6838,0.1
6839,0.1
6840,0.1
6844,0.1
6847,0.1
6855,0.1
6856,0.1
6857,0.1
6859,0.1
6860,0.1
6863,0.1
6864,0.1
6865,0.1
6868,0.1
6869,0.1
6873,0.1
6874,0.1
6877,0.1
6880,0.1
6881,0.1
6882,0.1
6885,0.1
6889,0.1
6890,0.1
6892,0.1
6893,0.1
6896,0.1
6899,0.1
6900,0.1
6901,0.1
6904,0.1
6907,0.1
6908,0.1
6909,0.1
6910,0.1
6912,0.1
6914,0.1
6915,0.1
6916,0.1
6917,0.1
6919,0.1
6921,0.1
6923,0.1
6926,0.1
6927,0.1
6934,0.1
6938,0.1
6940,0.1
6945,0.1
6947,0.1
6948,0.1
6951,0.1
6952,0.1
6954,0.1
6955,0.1
6957,0.1
6958,0.1
6964,0.1
6967,0.1
6968,0.1
6972,0.1
6974,0.1
6975,0.1
6976,0.1
6980,0.1
6985,0.1
6986,0.1
6987,0.1
6992,0.1
6995,0.1
6999,0.1
7002,0.1
7003,0.1
7004,0.1
7008,0.1
7012,0.1
7013,0.1
7014,0.1
7019,0.1
7020,0.1
7021,0.1
7024,0.1
7026,0.1
7030,0.1
7037,0.1
7039,0.1
7040,0.1
7042,0.1
7045,0.1
7049,0.1
7051,0.1
7052,0.1
7053,0.1
7062,0.1
7064,0.1
7065,0.1
7067,0.1
7070,0.1
7076,0.1
7077,0.1
7080,0.1
7081,0.1
7083,0.1
7088,0.1
7100,0.1
7101,0.1
7102,0.1
7105,0.1
7106,0.1
7115,0.1
7121,0.1
7122,0.1
7124,0.1
7127,0.1
7134,0.1
7138,0.1
7146,0.1
7149,0.1
7150,0.1
7153,0.1
7154,0.1
7155,0.1
7157,0.1
7160,0.1
7162,0.1
7166,0.1
7167,0.1
7168,0.1
7170,0.1
7174,0.1
7177,0.1
7182,0.1
7184,0.1
7187,0.1
7189,0.1
7193,0.1
7194,0.1
7198,0.1
7201,0.1
7202,0.1
7205,0.1
7207,0.1
7210,0.1
7212,0.1
7214,0.1
7218,0.1
7225,0.1
7226,0.1
7227,0.1
7231,0.1
7234,0.1
7238,0.1
7239,0.1
7240,0.1
7243,0.1
7244,0.1
7246,0.1
7251,0.1
7252,0.1
7254,0.1
7259,0.1
7260,0.1
7268,0.1
7272,0.1
7274,0.1
7275,0.1
7278,0.1
7280,0.1
7284,0.1
7285,0.1
7287,0.1
7289,0.1
7291,0.1
7293,0.1
7295,0.1
7296,0.1
7299,0.1
7302,0.1
7303,0.1
7310,0.1
7312,0.1
7313,0.1
7319,0.1
7322,0.1
7323,0.1
7324,0.1
7331,0.1
7336,0.1
7338,0.1
7344,0.1
7345,0.1
7346,0.1
7350,0.1
7353,0.1
7355,0.1
7356,0.1
7359,0.1
7361,0.1
7362,0.1
7364,0.1
7366,0.1
7367,0.1
7370,0.1
7371,0.1
7372,0.1
7374,0.1
7377,0.1
7380,0.1
7385,0.1
7397,0.1
7400,0.1
7409,0.1
7414,0.1
7419,0.1
7420,0.1
7422,0.1
7424,0.1
7426,0.1
7429,0.1
7432,0.1
7433,0.1
7435,0.1
7437,0.1
7438,0.1
7439,0.1
7440,0.1
7442,0.1
7449,0.1
7459,0.1
7461,0.1
7463,0.1
7464,0.1
7465,0.1
7467,0.1
7471,0.1
7473,0.1
7476,0.1
7479,0.1
7483,0.1
7484,0.1
7485,0.1
7487,0.1
7490,0.1
7491,0.1
7492,0.1
7493,0.1
7494,0.1
7498,0.1
7501,0.1
7502,0.1
7504,0.1
7508,0.1
7509,0.1
7511,0.1
7517,0.1
7523,0.1
7524,0.1
7526,0.1
7529,0.1
7530,0.1
7533,0.1
7535,0.1
7537,0.1
7539,0.1
7540,0.1
7542,0.1
7549,0.1
7552,0.1
7560,0.1
7562,0.1
7569,0.1
7572,0.1
7573,0.1
7580,0.1
7583,0.1
7587,0.1
7591,0.1
7593,0.1
7595,0.1
7597,0.1
7598,0.1
7603,0.1
7606,0.1
7609,0.1
7615,0.1
7616,0.1
7622,0.1
7624,0.1
7626,0.1
7629,0.1
7632,0.1
7638,0.1
7639,0.1
7640,0.1
7645,0.1
7648,0.1
7649,0.1
7651,0.1
7652,0.1
7653,0.1
7655,0.1
7659,0.1
7661,0.1
7662,0.1
7663,0.1
7664,0.1
7666,0.1
7667,0.1
7668,0.1
7669,0.1
7670,0.1
7671,0.1
7673,0.1
7674,0.1
7677,0.1
7678,0.1
7681,0.1
7686,0.1
7687,0.1
7690,0.1
7692,0.1
7693,0.1
7694,0.1
7698,0.1
7699,0.1
7700,0.1
7714,0.1
7716,0.1
7719,0.1
7724,0.1
7725,0.1
7726,0.1
7728,0.1
7730,0.1
7736,0.1
7739,0.1
7747,0.1
7754,0.1
7759,0.1
7763,0.1
7766,0.1
7767,0.1
7768,0.1
7770,0.1
7771,0.1
7772,0.1
7775,0.1
7777,0.1
7778,0.1
7781,0.1
7787,0.1
7803,0.1
7806,0.1
7812,0.1
7815,0.1
7816,0.1
7818,0.1
7819,0.1
7822,0.1
7826,0.1
7827,0.1
7829,0.1
7832,0.1
7833,0.1
7837,0.1
7839,0.1
7841,0.1
7842,0.1
7849,0.1
7853,0.1
7854,0.1
7855,0.1
7856,0.1
7860,0.1
7863,0.1
7868,0.1
7877,0.1
7878,0.1
7885,0.1
7886,0.1
7889,0.1
7890,0.1
7892,0.1
7893,0.1
7898,0.1
7899,0.1
7909,0.1
7910,0.1
7914,0.1
7915,0.1
7917,0.1
7918,0.1
7921,0.1
7922,0.1
7925,0.1
7926,0.1
7930,0.1
7931,0.1
7932,0.1
7935,0.1
7936,0.1
7939,0.1
7940,0.1
7943,0.1
7947,0.1
7949,0.1
7952,0.1
7954,0.1
7955,0.1
7956,0.1
7962,0.1
7964,0.1
7967,0.1
7968,0.1
7969,0.1
7977,0.1
7978,0.1
7984,0.1
7985,0.1
7991,0.1
7994,0.1
7995,0.1
7996,0.1
7998,0.1
7999,0.1
8002,0.1
8003,0.1
8005,0.1
8006,0.1
8010,0.1
8011,0.1
8015,0.1
8016,0.1
8018,0.1
8019,0.1
8024,0.1
8026,0.1
8027,0.1
8029,0.1
8030,0.1
8032,0.1
8033,0.1
8035,0.1
8037,0.1
8040,0.1
8044,0.1
8045,0.1
8047,0.1
8050,0.1
8051,0.1
8053,0.1
8054,0.1
8055,0.1
8057,0.1
8060,0.1
8061,0.1
8063,0.1
8065,0.1
8066,0.1
8067,0.1
8068,0.1
8073,0.1
8075,0.1
8076,0.1
8077,0.1
8083,0.1
8085,0.1
8088,0.1
8091,0.1
8093,0.1
8095,0.1
8098,0.1
8099,0.1
8100,0.1
8101,0.1
8102,0.1
8103,0.1
8110,0.1
8112,0.1
8116,0.1
8117,0.1
8119,0.1
8120,0.1
8126,0.1
8129,0.1
8130,0.1
8134,0.1
8136,0.1
8137,0.1
8138,0.1
8143,0.1
8145,0.1
8146,0.1
8149,0.1
8153,0.1
8155,0.1
8157,0.1
8158,0.1
8161,0.1
8162,0.1
8164,0.1
8165,0.1
8167,0.1
8168,0.1
8170,0.1
8171,0.1
8172,0.1
8175,0.1
8176,0.1
8178,0.1
8181,0.1
8189,0.1
8194,0.1
8196,0.1
8198,0.1
8201,0.1
8202,0.1
8205,0.1
8207,0.1
8209,0.1
8210,0.1
8211,0.1
8213,0.1
8214,0.1
8215,0.1
8220,0.1
8221,0.1
8222,0.1
8224,0.1
8226,0.1
8227,0.1
8230,0.1
8231,0.1
8233,0.1
8236,0.1
8239,0.1
8240,0.1
8241,0.1
8243,0.1
8244,0.1
8249,0.1
8250,0.1
8253,0.1
8259,0.1
8261,0.1
8263,0.1
8264,0.1
8265,0.1
8268,0.1
8271,0.1
8272,0.1
8274,0.1
8275,0.1
8277,0.1
8280,0.1
8283,0.1
8285,0.1
8286,0.1
8287,0.1
8290,0.1
8291,0.1
8292,0.1
8295,0.1
8296,0.1
8299,0.1
8300,0.1
8301,0.1
8304,0.1
8305,0.1
8307,0.1
8308,0.1
8316,0.1
8319,0.1
8320,0.1
8325,0.1
8326,0.1
8327,0.1
8329,0.1
8330,0.1
8332,0.1
8333,0.1
8338,0.1
8339,0.1
8341,0.1
8343,0.1
8347,0.1
8353,0.1
8355,0.1
8357,0.1
8358,0.1
8360,0.1
8361,0.1
8363,0.1
8369,0.1
8370,0.1
8372,0.1
8373,0.1
8374,0.1
8375,0.1
8376,0.1
8378,0.1
8382,0.1
8385,0.1
8387,0.1
8390,0.1
8391,0.1
8392,0.1
8393,0.1
8395,0.1
8396,0.1
8398,0.1
8400,0.1
8401,0.1
8402,0.1
8403,0.1
8405,0.1
8406,0.1
8408,0.1
8412,0.1
8414,0.1
8419,0.1
8420,0.1
8421,0.1
8423,0.1
8424,0.1
8428,0.1
8429,0.1
8431,0.1
8433,0.1
8434,0.1
8439,0.1
8440,0.1
8441,0.1
8447,0.1
8451,0.1
8456,0.1
8462,0.1
8463,0.1
8464,0.1
8467,0.1
8468,0.1
8470,0.1
8472,0.1
8473,0.1
8475,0.1
8476,0.1
8480,0.1
8481,0.1
8483,0.1
8484,0.1
8486,0.1
8487,0.1
8488,0.1
8489,0.1
8494,0.1
8496,0.1
8497,0.1
8498,0.1
8499,0.1
8500,0.1
8501,0.1
8502,0.1
8503,0.1
8504,0.1
8505,0.1
8507,0.1
8509,0.1
8513,0.1
8516,0.1
8517,0.1
8520,0.1
8521,0.1
8522,0.1
8523,0.1
8527,0.1
8528,0.1
8529,0.1
8530,0.1
8532,0.1
8534,0.1
8535,0.1
8536,0.1
8537,0.1
8540,0.1
8541,0.1
8543,0.1
8544,0.1
8546,0.1
8547,0.1
8550,0.1
8551,0.1
8552,0.1
8553,0.1
8555,0.1
8556,0.1
8560,0.1
8561,0.1
8562,0.1
8563,0.1
8564,0.1
8567,0.1
8572,0.1
8576,0.1
8577,0.1
8578,0.1
8580,0.1
8586,0.1
8589,0.1
8598,0.1
8599,0.1
8605,0.1
8616,0.1
8617,0.1
8618,0.1
8620,0.1
8623,0.1
8625,0.1
8626,0.1
8628,0.1
8631,0.1
8632,0.1
8634,0.1
8637,0.1
8640,0.1
8645,0.1
8646,0.1
8652,0.1
8656,0.1
8657,0.1
8659,0.1
8662,0.1
8664,0.1
8665,0.1
8668,0.1
8669,0.1
8670,0.1
8677,0.1
8678,0.1
8681,0.1
8682,0.1
8683,0.1
8684,0.1
8688,0.1
8690,0.1
8691,0.1
8692,0.1
8693,0.1
8697,0.1
8701,0.1
8703,0.1
8705,0.1
8708,0.1
8711,0.1
8712,0.1
8715,0.1
8718,0.1
8723,0.1
8725,0.1
8729,0.1
8730,0.1
8732,0.1
8733,0.1
8735,0.1
8736,0.1
8743,0.1
8744,0.1
8746,0.1
8753,0.1
8755,0.1
8760,0.1
8763,0.1
8765,0.1
8766,0.1
8767,0.1
8770,0.1
8775,0.1
8777,0.1
8780,0.1
8782,0.1
8783,0.1
8786,0.1
8788,0.1
8790,0.1
8791,0.1
8793,0.1
8794,0.1
8797,0.1
8801,0.1
8805,0.1
8809,0.1
8811,0.1
8812,0.1
8815,0.1
8816,0.1
8829,0.1
8834,0.1
8836,0.1
8837,0.1
8838,0.1
8839,0.1
8840,0.1
8842,0.1
8845,0.1
8846,0.1
8849,0.1
8851,0.1
8852,0.1
8854,0.1
8855,0.1
8856,0.1
8861,0.1
8862,0.1
8864,0.1
8866,0.1
8867,0.1
8870,0.1
8871,0.1
8876,0.1
8877,0.1
8879,0.1
8881,0.1
8882,0.1
8887,0.1
8891,0.1
8893,0.1
8894,0.1
8902,0.1
8904,0.1
8908,0.1
8910,0.1
8911,0.1
8913,0.1
8914,0.1
8916,0.1
8917,0.1
8918,0.1
8919,0.1
8920,0.1
8923,0.1
8927,0.1
8928,0.1
8931,0.1
8932,0.1
8937,0.1
8939,0.1
8940,0.1
8942,0.1
8948,0.1
8951,0.1
8952,0.1
8953,0.1
8955,0.1
8958,0.1
8959,0.1
8962,0.1
8969,0.1
8971,0.1
8972,0.1
8973,0.1
8975,0.1
8976,0.1
8979,0.1
8982,0.1
8983,0.1
8984,0.1
8985,0.1
8987,0.1
8988,0.1
8989,0.1
8991,0.1
8992,0.1
8994,0.1
8996,0.1
8997,0.1
9005,0.1
9007,0.1
9009,0.1
9011,0.1
9012,0.1
9013,0.1
9014,0.1
9015,0.1
9017,0.1
9018,0.1
9021,0.1
9032,0.1
9035,0.1
9036,0.1
9043,0.1
9045,0.1
9046,0.1
9047,0.1
9050,0.1
9051,0.1
9053,0.1
9059,0.1
9063,0.1
9064,0.1
9068,0.1
9069,0.1
9070,0.1
9071,0.1
9072,0.1
9074,0.1
9075,0.1
9076,0.1
9080,0.1
9081,0.1
9084,0.1
9085,0.1
9089,0.1
9090,0.1
9091,0.1
9093,0.1
9097,0.1
9103,0.1
9109,0.1
9110,0.1
9114,0.1
9117,0.1
9123,0.1
9124,0.1
9126,0.1
9132,0.1
9133,0.1
9135,0.1
9136,0.1
9137,0.1
9140,0.1
9142,0.1
9151,0.1
9157,0.1
9160,0.1
9161,0.1
9169,0.1
9170,0.1
9173,0.1
9174,0.1
9175,0.1
9176,0.1
9177,0.1
9183,0.1
9185,0.1
9186,0.1
9187,0.1
9188,0.1
9190,0.1
9191,0.1
9195,0.1
9197,0.1
9202,0.1
9208,0.1
9209,0.1
9210,0.1
9211,0.1
9214,0.1
9219,0.1
9223,0.1
9226,0.1
9232,0.1
9233,0.1
9237,0.1
9241,0.1
9242,0.1
9243,0.1
9248,0.1
9251,0.1
9252,0.1
9253,0.1
9255,0.1
9256,0.1
9258,0.1
9259,0.1
9260,0.1
9261,0.1
9262,0.1
9264,0.1
9265,0.1
9266,0.1
9270,0.1
9280,0.1
9285,0.1
9286,0.1
9288,0.1
9289,0.1
9290,0.1
9296,0.1
9300,0.1
9309,0.1
9310,0.1
9313,0.1
9316,0.1
9328,0.1
9330,0.1
9331,0.1
9332,0.1
9336,0.1
9337,0.1
9339,0.1
9342,0.1
9343,0.1
9345,0.1
9346,0.1
9348,0.1
9350,0.1
9351,0.1
9352,0.1
9355,0.1
9357,0.1
9358,0.1
9359,0.1
9360,0.1
9361,0.1
9363,0.1
9364,0.1
9368,0.1
9369,0.1
9370,0.1
9371,0.1
9372,0.1
9373,0.1
9374,0.1
9375,0.1
9376,0.1
9379,0.1
9380,0.1
9384,0.1
9387,0.1
9389,0.1
9396,0.1
9398,0.1
9399,0.1
9400,0.1
9401,0.1
9405,0.1
9406,0.1
9407,0.1
9409,0.1
9410,0.1
9417,0.1
9418,0.1
9419,0.1
9421,0.1
9425,0.1
9426,0.1
9428,0.1
9429,0.1
9430,0.1
9431,0.1
9433,0.1
9434,0.1
9435,0.1
9436,0.1
9439,0.1
9440,0.1
9444,0.1
9445,0.1
9446,0.1
9450,0.1
9453,0.1
9454,0.1
9463,0.1
9464,0.1
9465,0.1
9467,0.1
9468,0.1
9472,0.1
9474,0.1
9479,0.1
9480,0.1
9481,0.1
9485,0.1
9488,0.1
9489,0.1
9490,0.1
9492,0.1
9499,0.1
9503,0.1
9506,0.1
9513,0.1
9518,0.1
9520,0.1
9521,0.1
9522,0.1
9524,0.1
9526,0.1
9528,0.1
9530,0.1
9532,0.1
9533,0.1
9534,0.1
9536,0.1
9546,0.1
9547,0.1
9548,0.1
9551,0.1
9553,0.1
9554,0.1
9557,0.1
9560,0.1
9568,0.1
9571,0.1
9572,0.1
9577,0.1
9579,0.1
9581,0.1
9583,0.1
9586,0.1
9587,0.1
9588,0.1
9592,0.1
9601,0.1
9602,0.1
9607,0.1
9609,0.1
9612,0.1
9616,0.1
9617,0.1
9622,0.1
9624,0.1
9625,0.1
9626,0.1
9628,0.1
9631,0.1
9632,0.1
9633,0.1
9634,0.1
9637,0.1
9638,0.1
9643,0.1
9645,0.1
9646,0.1
9648,0.1
9650,0.1
9655,0.1
9660,0.1
9666,0.1
9667,0.1
9669,0.1
9670,0.1
9676,0.1
9679,0.1
9681,0.1
9683,0.1
9684,0.1
9687,0.1
9689,0.1
9691,0.1
9692,0.1
9694,0.1
9695,0.1
9705,0.1
9706,0.1
9710,0.1
9712,0.1
9716,0.1
9718,0.1
9725,0.1
9726,0.1
9727,0.1
9728,0.1
9729,0.1
9734,0.1
9736,0.1
9737,0.1
9738,0.1
9739,0.1
9742,0.1
9745,0.1
9746,0.1
9747,0.1
9748,0.1
9751,0.1
9755,0.1
9756,0.1
9757,0.1
9758,0.1
9759,0.1
9760,0.1
9762,0.1
9763,0.1
9770,0.1
9772,0.1
9778,0.1
9779,0.1
9788,0.1
9794,0.1
9796,0.1
9799,0.1
9802,0.1
9806,0.1
9807,0.1
9809,0.1
9810,0.1
9815,0.1
9817,0.1
9820,0.1
9823,0.1
9824,0.1
9825,0.1
9826,0.1
9828,0.1
9830,0.1
9835,0.1
9841,0.1
9842,0.1
9847,0.1
9848,0.1
9858,0.1
9860,0.1
9861,0.1
9862,0.1
9869,0.1
9871,0.1
9873,0.1
9874,0.1
9875,0.1
9876,0.1
9882,0.1
9890,0.1
9899,0.1
9902,0.1
9903,0.1
9909,0.1
9912,0.1
9914,0.1
9916,0.1
9918,0.1
9921,0.1
9923,0.1
9924,0.1
9926,0.1
9929,0.1
9930,0.1
9931,0.1
9932,0.1
9935,0.1
9936,0.1
9937,0.1
9938,0.1
9939,0.1
9940,0.1
9941,0.1
9942,0.1
9944,0.1
9946,0.1
9949,0.1
9950,0.1
9952,0.1
9955,0.1
9956,0.1
9957,0.1
9959,0.1
9960,0.1
9961,0.1
9970,0.1
9971,0.1
9972,0.1
9973,0.1
9979,0.1
9990,0.1
9994,0.1
9995,0.1
9998,0.1
10005,0.1
10006,0.1
10008,0.1
10011,0.1
10017,0.1
10028,0.1
10029,0.1
10030,0.1
10031,0.1
10033,0.1
10035,0.1
10037,0.1
10039,0.1
10040,0.1
10041,0.1
10044,0.1
10045,0.1
10047,0.1
10048,0.1
10054,0.1
10057,0.1
10060,0.1
10062,0.1
10064,0.1
10065,0.1
10068,0.1
10069,0.1
10071,0.1
10077,0.1
10084,0.1
10085,0.1
10090,0.1
10091,0.1
10100,0.1
10102,0.1
10103,0.1
10106,0.1
10107,0.1
10111,0.1
10115,0.1
10121,0.1
10122,0.1
10123,0.1
10124,0.1
10125,0.1
10128,0.1
10129,0.1
10133,0.1
10134,0.1
10138,0.1
10139,0.1
10140,0.1
10144,0.1
10145,0.1
10148,0.1
10149,0.1
10153,0.1
10155,0.1
10156,0.1
10157,0.1
10158,0.1
10159,0.1
10161,0.1
10163,0.1
10168,0.1
10171,0.1
10175,0.1
10182,0.1
10186,0.1
10189,0.1
10192,0.1
10193,0.1
10194,0.1
10198,0.1
10200,0.1
10204,0.1
10206,0.1
10208,0.1
10210,0.1
10211,0.1
10212,0.1
10213,0.1
10215,0.1
10217,0.1
10219,0.1
10222,0.1
10227,0.1
10235,0.1
10239,0.1
10240,0.1
10243,0.1
10244,0.1
10246,0.1
10251,0.1
10253,0.1
10255,0.1
10257,0.1
10260,0.1
10264,0.1
10269,0.1
10275,0.1
10277,0.1
10278,0.1
10282,0.1
10283,0.1
10289,0.1
10292,0.1
10293,0.1
10295,0.1
10296,0.1
10300,0.1
10307,0.1
10308,0.1
10311,0.1
10315,0.1
10318,0.1
10320,0.1
10324,0.1
10325,0.1
10326,0.1
10329,0.1
10331,0.1
10338,0.1
10339,0.1
10341,0.1
10348,0.1
10349,0.1
10350,0.1
10353,0.1
10355,0.1
10356,0.1
10361,0.1
10364,0.1
10370,0.1
10372,0.1
10374,0.1
10377,0.1
10378,0.1
10382,0.1
10385,0.1
10388,0.1
10395,0.1
10401,0.1
10402,0.1
10406,0.1
10407,0.1
10410,0.1
10412,0.1
10413,0.1
10415,0.1
10418,0.1
10419,0.1
10420,0.1
10421,0.1
10425,0.1
10428,0.1
10429,0.1
10430,0.1
10432,0.1
10434,0.1
10438,0.1
10439,0.1
10441,0.1
10446,0.1
10447,0.1
10449,0.1
10454,0.1
10457,0.1
10458,0.1
10465,0.1
10466,0.1
10467,0.1
10468,0.1
10471,0.1
10476,0.1
10477,0.1
10481,0.1
10482,0.1
10483,0.1
10485,0.1
10488,0.1
10491,0.1
10492,0.1
10496,0.1
10497,0.1
10498,0.1
10503,0.1
10510,0.1
10512,0.1
10514,0.1
10520,0.1
10521,0.1
10525,0.1
10528,0.1
10530,0.1
10531,0.1
10532,0.1
10536,0.1
10539,0.1
10543,0.1
10544,0.1
10546,0.1
10547,0.1
10550,0.1
10553,0.1
10556,0.1
10557,0.1
10560,0.1
10564,0.1
10568,0.1
10569,0.1
10570,0.1
10573,0.1
10575,0.1
10577,0.1
10579,0.1
10580,0.1
10582,0.1
10583,0.1
10586,0.1
10587,0.1
10589,0.1
10590,0.1
10593,0.1
10594,0.1
10595,0.1
10598,0.1
10599,0.1
10600,0.1
10601,0.1
10602,0.1
10604,0.1
10608,0.1
10611,0.1
10612,0.1
10615,0.1
10616,0.1
10618,0.1
10619,0.1
10620,0.1
10622,0.1
10623,0.1
10626,0.1
10628,0.1
10629,0.1
10633,0.1
10638,0.1
10641,0.1
10642,0.1
10644,0.1
10645,0.1
10647,0.1
10649,0.1
10654,0.1
10663,0.1
10664,0.1
10668,0.1
10670,0.1
10673,0.1
10676,0.1
10679,0.1
10680,0.1
10681,0.1
10683,0.1
10686,0.1
10689,0.1
10691,0.1
10697,0.1
10700,0.1
10701,0.1
10705,0.1
10706,0.1
10708,0.1
10710,0.1
10711,0.1
10716,0.1
10718,0.1
10719,0.1
10721,0.1
10722,0.1
10726,0.1
10727,0.1
10728,0.1
10729,0.1
10730,0.1
10733,0.1
10734,0.1
10735,0.1
10743,0.1
10747,0.1
10751,0.1
10753,0.1
10757,0.1
10761,0.1
10769,0.1
10772,0.1
10773,0.1
10774,0.1
10775,0.1
10776,0.1
10778,0.1
10781,0.1
10784,0.1
10786,0.1
10787,0.1
10788,0.1
10789,0.1
10790,0.1
10791,0.1
10792,0.1
10801,0.1
10804,0.1
10812,0.1
10813,0.1
10814,0.1
10815,0.1
10817,0.1
10818,0.1
10819,0.1
10821,0.1
10825,0.1
10826,0.1
10828,0.1
10830,0.1
10831,0.1
10832,0.1
10833,0.1
10840,0.1
10841,0.1
10847,0.1
10848,0.1
10849,0.1
10851,0.1
10853,0.1
10857,0.1
10859,0.1
10863,0.1
10865,0.1
10866,0.1
10869,0.1
10871,0.1
10876,0.1
10879,0.1
10883,0.1
10885,0.1
10887,0.1
10888,0.1
10890,0.1
10892,0.1
10893,0.1
10894,0.1
10895,0.1
10897,0.1
10900,0.1
10901,0.1
10904,0.1
10907,0.1
10911,0.1
10913,0.1
10914,0.1
10916,0.1
10917,0.1
10919,0.1
10922,0.1
10924,0.1
10925,0.1
10926,0.1
10927,0.1
10929,0.1
10931,0.1
10932,0.1
10937,0.1
10938,0.1
10939,0.1
10943,0.1
10946,0.1
10948,0.1
10949,0.1
10952,0.1
10958,0.1
10960,0.1
10961,0.1
10963,0.1
10964,0.1
10969,0.1
10971,0.1
10972,0.1
10974,0.1
10976,0.1
10979,0.1
10981,0.1
10984,0.1
10985,0.1
10986,0.1
10988,0.1
10995,0.1
10996,0.1
11001,0.1
11002,0.1
11004,0.1
11005,0.1
11008,0.1
11011,0.1
11015,0.1
11016,0.1
11018,0.1
11023,0.1
11026,0.1
11029,0.1
11030,0.1
11035,0.1
11048,0.1
11049,0.1
11052,0.1
11053,0.1
11055,0.1
11059,0.1
11063,0.1
11064,0.1
11066,0.1
11069,0.1
11075,0.1
11081,0.1
11083,0.1
11084,0.1
11086,0.1
11087,0.1
11088,0.1
11089,0.1
11091,0.1
11092,0.1
11098,0.1
11100,0.1
11101,0.1
11103,0.1
11108,0.1
11109,0.1
11110,0.1
11111,0.1
11120,0.1
11121,0.1
11123,0.1
11124,0.1
11126,0.1
11129,0.1
11131,0.1
11132,0.1
11135,0.1
11139,0.1
11144,0.1
11145,0.1
11147,0.1
11148,0.1
11150,0.1
11153,0.1
11156,0.1
11159,0.1
11160,0.1
11163,0.1
11165,0.1
11166,0.1
11167,0.1
11170,0.1
11172,0.1
11175,0.1
11177,0.1
11179,0.1
11183,0.1
11185,0.1
11188,0.1
11189,0.1
11191,0.1
11197,0.1
11202,0.1
11203,0.1
11204,0.1
11205,0.1
11206,0.1
11207,0.1
11208,0.1
11209,0.1
11214,0.1
11218,0.1
11222,0.1
11226,0.1
11228,0.1
11229,0.1
11230,0.1
11233,0.1
11234,0.1
11235,0.1
11236,0.1
11240,0.1
11241,0.1
11242,0.1
11246,0.1
11249,0.1
11253,0.1
11258,0.1
11259,0.1
11262,0.1
11263,0.1
11264,0.1
11266,0.1
11269,0.1
11271,0.1
11278,0.1
11284,0.1
11285,0.1
11287,0.1
11288,0.1
11290,0.1
11291,0.1
11293,0.1
11296,0.1
11300,0.1
11304,0.1
11311,0.1
11312,0.1
11314,0.1
11316,0.1
11319,0.1
11324,0.1
11328,0.1
11329,0.1
11332,0.1
11336,0.1
11339,0.1
11340,0.1
11341,0.1
11342,0.1
11343,0.1
11344,0.1
11350,0.1
11351,0.1
11355,0.1
11358,0.1
11361,0.1
11364,0.1
11365,0.1
11366,0.1
11368,0.1
11369,0.1
11370,0.1
11373,0.1
11378,0.1
11383,0.1
11384,0.1
11386,0.1
11389,0.1
11392,0.1
11394,0.1
11395,0.1
11398,0.1
11403,0.1
11404,0.1
11405,0.1
11408,0.1
11410,0.1
11411,0.1
11413,0.1
11414,0.1
11415,0.1
11417,0.1
11419,0.1
11423,0.1
11424,0.1
11425,0.1
11431,0.1
11433,0.1
11435,0.1
11439,0.1
11441,0.1
11445,0.1
11449,0.1
11450,0.1
11455,0.1
11456,0.1
11458,0.1
11459,0.1
11460,0.1
11461,0.1
11462,0.1
11464,0.1
11468,0.1
11471,0.1
11472,0.1
11480,0.1
11482,0.1
11483,0.1
11485,0.1
11489,0.1
11491,0.1
11492,0.1
11494,0.1
11495,0.1
11496,0.1
11497,0.1
11498,0.1
11499,0.1
11501,0.1
11507,0.1
11508,0.1
11512,0.1
11516,0.1
11518,0.1
11519,0.1
11521,0.1
11523,0.1
11526,0.1
11527,0.1
11531,0.1
11532,0.1
11535,0.1
11537,0.1
11538,0.1
11539,0.1
11541,0.1
11544,0.1
11547,0.1
11548,0.1
11550,0.1
11554,0.1
11555,0.1
11556,0.1
11557,0.1
11558,0.1
11559,0.1
11561,0.1
11564,0.1
11565,0.1
11568,0.1
11571,0.1
11572,0.1
11574,0.1
11576,0.1
11577,0.1
11578,0.1
11579,0.1
11582,0.1
11583,0.1
11585,0.1
11589,0.1
11590,0.1
11591,0.1
11592,0.1
11596,0.1
11598,0.1
11600,0.1
11602,0.1
11603,0.1
11604,0.1
11605,0.1
11606,0.1
11612,0.1
11614,0.1
11615,0.1
11619,0.1
11622,0.1
11623,0.1
11624,0.1
11625,0.1
11627,0.1
11629,0.1
11639,0.1
11643,0.1
11647,0.1
11650,0.1
11652,0.1
11653,0.1
11656,0.1
11657,0.1
11659,0.1
11664,0.1
11666,0.1
11668,0.1
11671,0.1
11672,0.1
11677,0.1
11680,0.1
11681,0.1
11683,0.1
11684,0.1
11685,0.1
11686,0.1
11687,0.1
11689,0.1
11690,0.1
11691,0.1
11700,0.1
11701,0.1
11703,0.1
11707,0.1
11708,0.1
11711,0.1
11713,0.1
11714,0.1
11719,0.1
11720,0.1
11723,0.1
11724,0.1
11725,0.1
11727,0.1
11736,0.1
11741,0.1
11746,0.1
11747,0.1
11749,0.1
11755,0.1
11757,0.1
11759,0.1
11761,0.1
11763,0.1
11765,0.1
11767,0.1
11768,0.1
11769,0.1
11772,0.1
11773,0.1
11777,0.1
11779,0.1
11782,0.1
11783,0.1
11784,0.1
11786,0.1
11791,0.1
11792,0.1
11794,0.1
11796,0.1
11798,0.1
11799,0.1
11800,0.1
11802,0.1
11804,0.1
11805,0.1
11808,0.1
11809,0.1
11811,0.1
11813,0.1
11817,0.1
11818,0.1
11820,0.1
11822,0.1
11823,0.1
11826,0.1
11831,0.1
11833,0.1
11838,0.1
11841,0.1
11843,0.1
11844,0.1
11845,0.1
11846,0.1
11851,0.1
11852,0.1
11860,0.1
11861,0.1
11862,0.1
11864,0.1
11866,0.1
11868,0.1
11871,0.1
11872,0.1
11877,0.1
11878,0.1
11879,0.1
11884,0.1
11887,0.1
11889,0.1
11895,0.1
11896,0.1
11897,0.1
11898,0.1
11899,0.1
11901,0.1
11904,0.1
11908,0.1
11909,0.1
11910,0.1
11912,0.1
11918,0.1
11919,0.1
11921,0.1
11923,0.1
11929,0.1
11930,0.1
11932,0.1
11936,0.1
11938,0.1
11940,0.1
11944,0.1
11945,0.1
11948,0.1
11950,0.1
11951,0.1
11952,0.1
11955,0.1
11957,0.1
11959,0.1
11961,0.1
11962,0.1
11965,0.1
11966,0.1
11968,0.1
11969,0.1
11971,0.1
11973,0.1
11975,0.1
11977,0.1
11983,0.1
11989,0.1
11990,0.1
11996,0.1
11999,0.1
12000,0.1
12002,0.1
12005,0.1
12010,0.1
12015,0.1
12020,0.1
12021,0.1
12022,0.1
12023,0.1
12024,0.1
12026,0.1
12028,0.1
12030,0.1
12031,0.1
12032,0.1
12033,0.1
12045,0.1
12046,0.1
12048,0.1
12051,0.1
12052,0.1
12053,0.1
12055,0.1
12059,0.1
12061,0.1
12062,0.1
12065,0.1
12066,0.1
12067,0.1
12069,0.1
12073,0.1
12075,0.1
12076,0.1
12082,0.1
12083,0.1
12084,0.1
12086,0.1
12088,0.1
12090,0.1
12091,0.1
12092,0.1
12094,0.1
12096,0.1
12098,0.1
12100,0.1
12101,0.1
12102,0.1
12105,0.1
12109,0.1
12112,0.1
12114,0.1
12120,0.1
12121,0.1
12125,0.1
12128,0.1
12131,0.1
12133,0.1
12134,0.1
12135,0.1
12137,0.1
12138,0.1
12141,0.1
12142,0.1
12143,0.1
12144,0.1
12146,0.1
12152,0.1
12155,0.1
12158,0.1
12160,0.1
12161,0.1
12163,0.1
12168,0.1
12169,0.1
12171,0.1
12176,0.1
12180,0.1
12182,0.1
12185,0.1
12186,0.1
12191,0.1
12197,0.1
12201,0.1
12203,0.1
12205,0.1
12208,0.1
12209,0.1
12211,0.1
12221,0.1
12222,0.1
12224,0.1
12226,0.1
12228,0.1
12231,0.1
12233,0.1
12234,0.1
12235,0.1
12236,0.1
12242,0.1
12243,0.1
12247,0.1
12254,0.1
12256,0.1
12259,0.1
12263,0.1
12265,0.1
12266,0.1
12268,0.1
12270,0.1
12272,0.1
12279,0.1
12280,0.1
12284,0.1
12293,0.1
12295,0.1
12301,0.1
12303,0.1
12307,0.1
12311,0.1
12314,0.1
12315,0.1
12317,0.1
12323,0.1
12327,0.1
12331,0.1
12332,0.1
12333,0.1
12335,0.1
12336,0.1
12337,0.1
12338,0.1
12339,0.1
12340,0.1
12341,0.1
12344,0.1
12351,0.1
12352,0.1
12355,0.1
12357,0.1
12358,0.1
12359,0.1
12361,0.1
12363,0.1
12364,0.1
12367,0.1
12368,0.1
12369,0.1
12370,0.1
12371,0.1
12373,0.1
12378,0.1
12380,0.1
12381,0.1
12390,0.1
12392,0.1
12393,0.1
12395,0.1
12398,0.1
12400,0.1
12401,0.1
12403,0.1
12407,0.1
12413,0.1
12415,0.1
12416,0.1
12419,0.1
12420,0.1
12423,0.1
12424,0.1
12431,0.1
12434,0.1
12436,0.1
12437,0.1
12440,0.1
12442,0.1
12443,0.1
12448,0.1
12449,0.1
12450,0.1
12452,0.1
12453,0.1
12456,0.1
12459,0.1
12469,0.1
12471,0.1
12472,0.1
12474,0.1
12475,0.1
12479,0.1
12484,0.1
12487,0.1
12489,0.1
12490,0.1
12492,0.1
12493,0.1
12496,0.1
12497,0.1
12502,0.1
12509,0.1
12511,0.1
12516,0.1
12517,0.1
12518,0.1
12528,0.1
12529,0.1
12531,0.1
12532,0.1
12535,0.1
12536,0.1
12537,0.1
12538,0.1
12541,0.1
12543,0.1
12546,0.1
12549,0.1
12552,0.1
12557,0.1
12558,0.1
12561,0.1
12563,0.1
12564,0.1
12569,0.1
12573,0.1
12576,0.1
12579,0.1
12580,0.1
12582,0.1
12587,0.1
12592,0.1
12599,0.1
12600,0.1
12603,0.1
12604,0.1
12605,0.1
12610,0.1
12618,0.1
12621,0.1
12626,0.1
12627,0.1
12633,0.1
12634,0.1
12636,0.1
12637,0.1
12639,0.1
12642,0.1
12643,0.1
12649,0.1
12652,0.1
12655,0.1
12660,0.1
12662,0.1
12666,0.1
12671,0.1
12673,0.1
12675,0.1
12676,0.1
12677,0.1
12678,0.1
12682,0.1
12684,0.1
12695,0.1
12697,0.1
12698,0.1
12700,0.1
12703,0.1
12705,0.1
12706,0.1
12707,0.1
12708,0.1
12711,0.1
12712,0.1
12713,0.1
12714,0.1
12715,0.1
12717,0.1
12718,0.1
12720,0.1
12722,0.1
12729,0.1
12731,0.1
12735,0.1
12736,0.1
12746,0.1
12750,0.1
12751,0.1
12756,0.1
12757,0.1
12759,0.1
12761,0.1
12763,0.1
12764,0.1
12765,0.1
12767,0.1
12768,0.1
12770,0.1
12772,0.1
12773,0.1
12774,0.1
12777,0.1
12778,0.1
12784,0.1
12785,0.1
12786,0.1
12788,0.1
12789,0.1
12792,0.1
12793,0.1
12795,0.1
12797,0.1
12798,0.1
12799,0.1
12800,0.1
12804,0.1
12805,0.1
12806,0.1
12809,0.1
12813,0.1
12814,0.1
12817,0.1
12821,0.1
12823,0.1
12824,0.1
12825,0.1
12827,0.1
12829,0.1
12830,0.1
12831,0.1
12833,0.1
12835,0.1
12837,0.1
12839,0.1
12845,0.1
12856,0.1
12857,0.1
12861,0.1
12862,0.1
12864,0.1
12865,0.1
12866,0.1
12870,0.1
12872,0.1
12877,0.1
12879,0.1
12880,0.1
12882,0.1
12884,0.1
12886,0.1
12888,0.1
12889,0.1
12892,0.1
12894,0.1
12897,0.1
12911,0.1
12912,0.1
12917,0.1
12918,0.1
12921,0.1
12922,0.1
12923,0.1
12924,0.1
12926,0.1
12928,0.1
12929,0.1
12931,0.1
12932,0.1
12936,0.1
12937,0.1
12938,0.1
12941,0.1
12942,0.1
12944,0.1
12950,0.1
12951,0.1
12952,0.1
12961,0.1
12963,0.1
12964,0.1
12969,0.1
12970,0.1
12971,0.1
12972,0.1
12980,0.1
12981,0.1
12985,0.1
12988,0.1
12989,0.1
12990,0.1
12992,0.1
12993,0.1
12995,0.1
12999,0.1
13001,0.1
13002,0.1
13006,0.1
13008,0.1
13011,0.1
13012,0.1
13023,0.1
13026,0.1
13032,0.1
13033,0.1
13034,0.1
13036,0.1
13037,0.1
13041,0.1
13042,0.1
13047,0.1
13048,0.1
13049,0.1
13052,0.1
13054,0.1
13055,0.1
13057,0.1
13061,0.1
13062,0.1
13063,0.1
13067,0.1
13069,0.1
13070,0.1
13075,0.1
13082,0.1
13086,0.1
13087,0.1
13093,0.1
13095,0.1
13096,0.1
13099,0.1
13100,0.1
13106,0.1
13108,0.1
13110,0.1
13111,0.1
13112,0.1
13115,0.1
13117,0.1
13120,0.1
13123,0.1
13126,0.1
13129,0.1
13131,0.1
13133,0.1
13134,0.1
13138,0.1
13143,0.1
13145,0.1
13151,0.1
13152,0.1
13153,0.1
13157,0.1
13158,0.1
13160,0.1
13161,0.1
13172,0.1
13183,0.1
13184,0.1
13185,0.1
13190,0.1
13191,0.1
13192,0.1
13193,0.1
13198,0.1
13199,0.1
13201,0.1
13202,0.1
13204,0.1
13205,0.1
13206,0.1
13217,0.1
13218,0.1
13225,0.1
13226,0.1
13228,0.1
13229,0.1
13232,0.1
13233,0.1
13234,0.1
13235,0.1
13241,0.1
13243,0.1
13244,0.1
13245,0.1
13251,0.1
13254,0.1
13257,0.1
13258,0.1
13259,0.1
13260,0.1
13263,0.1
13264,0.1
13265,0.1
13269,0.1
13271,0.1
13272,0.1
13274,0.1
13275,0.1
13276,0.1
13277,0.1
13279,0.1
13282,0.1
13283,0.1
13285,0.1
13288,0.1
13290,0.1
13292,0.1
13294,0.1
13296,0.1
13297,0.1
13300,0.1
13301,0.1
13304,0.1
13306,0.1
13308,0.1
13310,0.1
13311,0.1
13314,0.1
13316,0.1
13317,0.1
13318,0.1
13320,0.1
13322,0.1
13323,0.1
13326,0.1
13327,0.1
13338,0.1
13339,0.1
13341,0.1
13342,0.1
13343,0.1
13345,0.1
13347,0.1
13348,0.1
13349,0.1
13351,0.1
13352,0.1
13355,0.1
13357,0.1
13358,0.1
13361,0.1
13362,0.1
13365,0.1
13367,0.1
13368,0.1
13371,0.1
13373,0.1
13375,0.1
13380,0.1
13381,0.1
13383,0.1
13384,0.1
13386,0.1
13391,0.1
13393,0.1
13396,0.1
13398,0.1
13400,0.1
13407,0.1
13408,0.1
13410,0.1
13412,0.1
13415,0.1
13416,0.1
13417,0.1
13419,0.1
13420,0.1
13421,0.1
13423,0.1
13424,0.1
13428,0.1
13429,0.1
13431,0.1
13432,0.1
13438,0.1
13447,0.1
13450,0.1
13452,0.1
13453,0.1
13455,0.1
13462,0.1
13463,0.1
13466,0.1
13467,0.1
13473,0.1
13474,0.1
13475,0.1
13481,0.1
13482,0.1
13485,0.1
13489,0.1
13490,0.1
13491,0.1
13492,0.1
13494,0.1
13496,0.1
13498,0.1
13502,0.1
13503,0.1
13505,0.1
13506,0.1
13507,0.1
13508,0.1
13509,0.1
13510,0.1
13517,0.1
13520,0.1
13523,0.1
13524,0.1
13527,0.1
13528,0.1
13531,0.1
13533,0.1
13536,0.1
13537,0.1
13538,0.1
13541,0.1
13542,0.1
13546,0.1
13548,0.1
13550,0.1
13551,0.1
13555,0.1
13558,0.1
13561,0.1
13562,0.1
13564,0.1
13566,0.1
13569,0.1
13570,0.1
13572,0.1
13573,0.1
13576,0.1
13578,0.1
13580,0.1
13581,0.1
13584,0.1
13589,0.1
13590,0.1
13591,0.1
13592,0.1
13594,0.1
13597,0.1
13598,0.1
13599,0.1
13600,0.1
13601,0.1
13602,0.1
13606,0.1
13607,0.1
13608,0.1
13610,0.1
13612,0.1
13617,0.1
13618,0.1
13619,0.1
13620,0.1
13621,0.1
13625,0.1
13627,0.1
13632,0.1
13634,0.1
13636,0.1
13637,0.1
13641,0.1
13644,0.1
13649,0.1
13651,0.1
13661,0.1
13664,0.1
13666,0.1
13667,0.1
13670,0.1
13674,0.1
13675,0.1
13676,0.1
13678,0.1
13679,0.1
13680,0.1
13685,0.1
13687,0.1
13688,0.1
13690,0.1
13695,0.1
13698,0.1
13701,0.1
13702,0.1
13705,0.1
13707,0.1
13709,0.1
13715,0.1
13716,0.1
13718,0.1
13724,0.1
13725,0.1
13727,0.1
13732,0.1
13734,0.1
13736,0.1
13738,0.1
13740,0.1
13742,0.1
13745,0.1
13746,0.1
13749,0.1
13751,0.1
13752,0.1
13754,0.1
13756,0.1
13757,0.1
13758,0.1
13760,0.1
13762,0.1
13763,0.1
13764,0.1
13766,0.1
13771,0.1
13773,0.1
13774,0.1
13775,0.1
13776,0.1
13778,0.1
13779,0.1
13782,0.1
13784,0.1
13788,0.1
13789,0.1
13791,0.1
13792,0.1
13793,0.1
13795,0.1
13808,0.1
13812,0.1
13815,0.1
13817,0.1
13820,0.1
13822,0.1
13823,0.1
13826,0.1
13828,0.1
13829,0.1
13830,0.1
13833,0.1
13834,0.1
13840,0.1
13842,0.1
13843,0.1
13846,0.1
13848,0.1
13849,0.1
13856,0.1
13857,0.1
13860,0.1
13862,0.1
13869,0.1
13870,0.1
13876,0.1
13878,0.1
13881,0.1
13888,0.1
13891,0.1
13893,0.1
13895,0.1
13898,0.1
13901,0.1
13904,0.1
13905,0.1
13907,0.1
13909,0.1
13912,0.1
13914,0.1
13915,0.1
13916,0.1
13917,0.1
13918,0.1
13919,0.1
13924,0.1
13926,0.1
13927,0.1
13928,0.1
13930,0.1
13931,0.1
13932,0.1
13933,0.1
13937,0.1
13939,0.1
13940,0.1
13942,0.1
13948,0.1
13951,0.1
13953,0.1
13956,0.1
13958,0.1
13959,0.1
13962,0.1
13963,0.1
13965,0.1
13968,0.1
13969,0.1
13972,0.1
13974,0.1
13977,0.1
13978,0.1
13983,0.1
13985,0.1
13989,0.1
13990,0.1
13993,0.1
13994,0.1
13995,0.1
13997,0.1
13998,0.1
14000,0.1
14004,0.1
14007,0.1
14009,0.1
14010,0.1
14013,0.1
14016,0.1
14017,0.1
14019,0.1
14021,0.1
14024,0.1
14025,0.1
14026,0.1
14032,0.1
14035,0.1
14036,0.1
14040,0.1
14042,0.1
14044,0.1
14046,0.1
14047,0.1
14049,0.1
14054,0.1
14057,0.1
14058,0.1
14059,0.1
14062,0.1
14063,0.1
14066,0.1
14067,0.1
14069,0.1
14071,0.1
14075,0.1
14076,0.1
14080,0.1
14081,0.1
14082,0.1
14083,0.1
14084,0.1
14087,0.1
14091,0.1
14093,0.1
14094,0.1
14097,0.1
14100,0.1
14110,0.1
14113,0.1
14121,0.1
14126,0.1
14129,0.1
14131,0.1
14132,0.1
14133,0.1
14134,0.1
14138,0.1
14139,0.1
14149,0.1
14151,0.1
14154,0.1
14155,0.1
14157,0.1
14159,0.1
14160,0.1
14163,0.1
14164,0.1
14165,0.1
14167,0.1
14170,0.1
14172,0.1
14177,0.1
14182,0.1
14183,0.1
14184,0.1
14186,0.1
14187,0.1
14188,0.1
14192,0.1
14196,0.1
14200,0.1
14203,0.1
14204,0.1
14206,0.1
14210,0.1
14211,0.1
14213,0.1
14216,0.1
14218,0.1
14224,0.1
14225,0.1
14226,0.1
14237,0.1
14238,0.1
14246,0.1
14247,0.1
14252,0.1
14253,0.1
14255,0.1
14257,0.1
14262,0.1
14264,0.1
14269,0.1
14270,0.1
14271,0.1
14272,0.1
14274,0.1
14276,0.1
14280,0.1
14281,0.1
14283,0.1
14287,0.1
14290,0.1
14293,0.1
14297,0.1
14298,0.1
14303,0.1
14304,0.1
14308,0.1
14311,0.1
14314,0.1
14315,0.1
14316,0.1
14317,0.1
14318,0.1
14321,0.1
14322,0.1
14325,0.1
14333,0.1
14334,0.1
14336,0.1
14337,0.1
14342,0.1
14345,0.1
14347,0.1
14350,0.1
14352,0.1
14358,0.1
14363,0.1
14368,0.1
14370,0.1
14378,0.1
14387,0.1
14388,0.1
14390,0.1
14391,0.1
14393,0.1
14396,0.1
14398,0.1
14399,0.1
14402,0.1
14403,0.1
14409,0.1
14411,0.1
14416,0.1
14417,0.1
14418,0.1
14419,0.1
14424,0.1
14425,0.1
14426,0.1
14428,0.1
14429,0.1
14430,0.1
14432,0.1
14435,0.1
14438,0.1
14440,0.1
14442,0.1
14444,0.1
14445,0.1
14446,0.1
14447,0.1
14449,0.1
14459,0.1
14460,0.1
14461,0.1
14462,0.1
14467,0.1
14472,0.1
14473,0.1
14476,0.1
14478,0.1
14479,0.1
14487,0.1
14489,0.1
14490,0.1
14492,0.1
14495,0.1
14498,0.1
14500,0.1
14501,0.1
14505,0.1
14506,0.1
14511,0.1
14514,0.1
14518,0.1
14519,0.1
14521,0.1
14522,0.1
14524,0.1
14526,0.1
14528,0.1
14529,0.1
14531,0.1
14532,0.1
14534,0.1
14536,0.1
14545,0.1
14547,0.1
14548,0.1
14550,0.1
14551,0.1
14554,0.1
14556,0.1
14559,0.1
14560,0.1
14562,0.1
14564,0.1
14570,0.1
14571,0.1
14575,0.1
14576,0.1
14579,0.1
14582,0.1
14583,0.1
14586,0.1
14587,0.1
14589,0.1
14590,0.1
14594,0.1
14596,0.1
14598,0.1
14602,0.1
14604,0.1
14615,0.1
14616,0.1
14619,0.1
14621,0.1
14622,0.1
14624,0.1
14626,0.1
14629,0.1
14633,0.1
14637,0.1
14641,0.1
14642,0.1
14643,0.1
14646,0.1
14647,0.1
14651,0.1
14653,0.1
14655,0.1
14656,0.1
14658,0.1
14659,0.1
14660,0.1
14661,0.1
14662,0.1
14665,0.1
14667,0.1
14669,0.1
14670,0.1
14673,0.1
14676,0.1
14678,0.1
14679,0.1
14683,0.1
14691,0.1
14693,0.1
14696,0.1
14705,0.1
14707,0.1
14715,0.1
14717,0.1
14719,0.1
14722,0.1
14724,0.1
14725,0.1
14730,0.1
14731,0.1
14733,0.1
14734,0.1
14735,0.1
14742,0.1
14744,0.1
14746,0.1
14747,0.1
14753,0.1
14754,0.1
14756,0.1
14757,0.1
14760,0.1
14764,0.1
14770,0.1
14773,0.1
14775,0.1
14779,0.1
14785,0.1
14787,0.1
14788,0.1
14789,0.1
14791,0.1
14793,0.1
14795,0.1
14800,0.1
14802,0.1
14804,0.1
14807,0.1
14808,0.1
14817,0.1
14819,0.1
14821,0.1
14822,0.1
14827,0.1
14829,0.1
14830,0.1
14831,0.1
14833,0.1
14834,0.1
14835,0.1
14837,0.1
14842,0.1
14844,0.1
14846,0.1
14847,0.1
14848,0.1
14851,0.1
14854,0.1
14859,0.1
14866,0.1
14867,0.1
14868,0.1
14869,0.1
14871,0.1
14873,0.1
14875,0.1
14877,0.1
14878,0.1
14879,0.1
14880,0.1
14882,0.1
14883,0.1
14887,0.1
14888,0.1
14890,0.1
14893,0.1
14894,0.1
14896,0.1
14897,0.1
14902,0.1
14904,0.1
14905,0.1
14909,0.1
14912,0.1
14919,0.1
14921,0.1
14923,0.1
14924,0.1
14926,0.1
14927,0.1
14928,0.1
14929,0.1
14937,0.1
14938,0.1
14941,0.1
14945,0.1
14948,0.1
14949,0.1
14953,0.1
14954,0.1
14957,0.1
14964,0.1
14965,0.1
14966,0.1
14968,0.1
14974,0.1
14978,0.1
14982,0.1
14985,0.1
14988,0.1
14989,0.1
14996,0.1
14997,0.1
14999,0.1
15000,0.1
15005,0.1
15009,0.1
15010,0.1
15012,0.1
15015,0.1
15016,0.1
15019,0.1
15020,0.1
15027,0.1
15028,0.1
15030,0.1
15031,0.1
15034,0.1
15036,0.1
15037,0.1
15043,0.1
15050,0.1
15055,0.1
15056,0.1
15061,0.1
15062,0.1
15063,0.1
15064,0.1
15066,0.1
15070,0.1
15071,0.1
15076,0.1
15078,0.1
15079,0.1
15084,0.1
15086,0.1
15087,0.1
15090,0.1
15094,0.1
15095,0.1
15096,0.1
15100,0.1
15101,0.1
15102,0.1
15105,0.1
15107,0.1
15112,0.1
15113,0.1
15114,0.1
15117,0.1
15120,0.1
15121,0.1
15122,0.1
15125,0.1
15129,0.1
15132,0.1
15133,0.1
15134,0.1
15136,0.1
15137,0.1
15139,0.1
15142,0.1
15143,0.1
15147,0.1
15148,0.1
15149,0.1
15150,0.1
15152,0.1
15153,0.1
15154,0.1
15156,0.1
15157,0.1
15159,0.1
15160,0.1
15162,0.1
15164,0.1
15169,0.1
15170,0.1
15171,0.1
15179,0.1
15180,0.1
15182,0.1
15186,0.1
15188,0.1
15190,0.1
15192,0.1
15193,0.1
15196,0.1
15197,0.1
15198,0.1
15199,0.1
15201,0.1
15205,0.1
15206,0.1
15209,0.1
15211,0.1
15212,0.1
15214,0.1
15216,0.1
15220,0.1
15223,0.1
15224,0.1
15225,0.1
15226,0.1
15227,0.1
15229,0.1
15230,0.1
15231,0.1
15234,0.1
15242,0.1
15243,0.1
15245,0.1
15248,0.1
15249,0.1
15250,0.1
15251,0.1
15255,0.1
15256,0.1
15258,0.1
15260,0.1
15262,0.1
15263,0.1
15265,0.1
15270,0.1
15272,0.1
15276,0.1
15277,0.1
15278,0.1
15280,0.1
15285,0.1
15286,0.1
15288,0.1
15293,0.1
15295,0.1
15297,0.1
15298,0.1
15299,0.1
15300,0.1
15301,0.1
15302,0.1
15305,0.1
15312,0.1
15313,0.1
15315,0.1
15316,0.1
15317,0.1
15319,0.1
15322,0.1
15323,0.1
15324,0.1
15332,0.1
15334,0.1
15339,0.1
15341,0.1
15344,0.1
15347,0.1
15351,0.1
15361,0.1
15363,0.1
15364,0.1
15365,0.1
15366,0.1
15368,0.1
15371,0.1
15374,0.1
15376,0.1
15382,0.1
15391,0.1
15398,0.1
15400,0.1
15403,0.1
15407,0.1
15411,0.1
15412,0.1
15415,0.1
15416,0.1
15417,0.1
15421,0.1
15425,0.1
15432,0.1
15438,0.1
15439,0.1
15440,0.1
15441,0.1
15442,0.1
15443,0.1
15447,0.1
15449,0.1
15450,0.1
15454,0.1
15455,0.1
15456,0.1
15459,0.1
15462,0.1
15466,0.1
15471,0.1
15472,0.1
15473,0.1
15476,0.1
15479,0.1
15481,0.1
15482,0.1
15483,0.1
15484,0.1
15486,0.1
15487,0.1
15490,0.1
15492,0.1
15498,0.1
15500,0.1
15501,0.1
15505,0.1
15507,0.1
15514,0.1
15515,0.1
15516,0.1
15517,0.1
15520,0.1
15521,0.1
15522,0.1
15523,0.1
15525,0.1
15530,0.1
15532,0.1
15533,0.1
15536,0.1
15537,0.1
15540,0.1
15544,0.1
15551,0.1
15554,0.1
15555,0.1
15560,0.1
15562,0.1
15563,0.1
15564,0.1
15565,0.1
15566,0.1
15572,0.1
15573,0.1
15577,0.1
15581,0.1
15582,0.1
15583,0.1
15588,0.1
15590,0.1
15592,0.1
15594,0.1
15600,0.1
15601,0.1
15602,0.1
15605,0.1
15608,0.1
15610,0.1
15612,0.1
15614,0.1
15615,0.1
15623,0.1
15624,0.1
15625,0.1
15626,0.1
15627,0.1
15633,0.1
15635,0.1
15636,0.1
15641,0.1
15647,0.1
15649,0.1
15652,0.1
15653,0.1
15654,0.1
15659,0.1
15661,0.1
15663,0.1
15664,0.1
15668,0.1
15672,0.1
15673,0.1
15674,0.1
15675,0.1
15677,0.1
15683,0.1
15684,0.1
15685,0.1
15689,0.1
15691,0.1
15692,0.1
15695,0.1
15696,0.1
15698,0.1
15706,0.1
15707,0.1
15708,0.1
15710,0.1
15711,0.1
15712,0.1
15715,0.1
15716,0.1
15718,0.1
15721,0.1
15724,0.1
15725,0.1
15726,0.1
15728,0.1
15730,0.1
15733,0.1
15739,0.1
15742,0.1
15745,0.1
15746,0.1
15748,0.1
15750,0.1
15751,0.1
15752,0.1
15754,0.1
15760,0.1
15761,0.1
15762,0.1
15764,0.1
15779,0.1
15780,0.1
15781,0.1
15782,0.1
15783,0.1
15788,0.1
15789,0.1
15791,0.1
15792,0.1
15794,0.1
15795,0.1
15796,0.1
15797,0.1
15800,0.1
15804,0.1
15809,0.1
15818,0.1
15822,0.1
15824,0.1
15825,0.1
15828,0.1
15829,0.1
15837,0.1
15840,0.1
15846,0.1
15849,0.1
15853,0.1
15855,0.1
15857,0.1
15858,0.1
15864,0.1
15866,0.1
15873,0.1
15876,0.1
15877,0.1
15880,0.1
15883,0.1
15887,0.1
15888,0.1
15889,0.1
15890,0.1
15895,0.1
15896,0.1
15897,0.1
15899,0.1
15906,0.1
15907,0.1
15908,0.1
15909,0.1
15919,0.1
15920,0.1
15923,0.1
15924,0.1
15929,0.1
15930,0.1
15935,0.1
15936,0.1
15937,0.1
15938,0.1
15944,0.1
15945,0.1
15949,0.1
15951,0.1
15958,0.1
15960,0.1
15965,0.1
15971,0.1
15978,0.1
15979,0.1
15980,0.1
15984,0.1
15987,0.1
15992,0.1
15993,0.1
15995,0.1
15997,0.1
15998,0.1
15999,0.1
16002,0.1
16003,0.1
16005,0.1
16011,0.1
16017,0.1
16020,0.1
16022,0.1
16027,0.1
16028,0.1
16036,0.1
16045,0.1
16046,0.1
16050,0.1
16051,0.1
16055,0.1
16065,0.1
16066,0.1
16068,0.1
16074,0.1
16076,0.1
16077,0.1
16084,0.1
16085,0.1
16086,0.1
16089,0.1
16092,0.1
16095,0.1
16097,0.1
16098,0.1
16101,0.1
16102,0.1
16104,0.1
16105,0.1
16107,0.1
16108,0.1
16112,0.1
16113,0.1
16114,0.1
16115,0.1
16116,0.1
16117,0.1
16121,0.1
16130,0.1
16132,0.1
16135,0.1
16139,0.1
16140,0.1
16143,0.1
16146,0.1
16147,0.1
16150,0.1
16152,0.1
16153,0.1
16155,0.1
16157,0.1
16158,0.1
16159,0.1
16166,0.1
16167,0.1
16169,0.1
16175,0.1
16177,0.1
16179,0.1
16181,0.1
16186,0.1
16188,0.1
16189,0.1
16192,0.1
16194,0.1
16198,0.1
16203,0.1
16204,0.1
16207,0.1
16208,0.1
16210,0.1
16213,0.1
16214,0.1
16215,0.1
16216,0.1
16219,0.1
16221,0.1
16223,0.1
16224,0.1
16225,0.1
16228,0.1
16229,0.1
16231,0.1
16232,0.1
16234,0.1
16236,0.1
16240,0.1
16243,0.1
16247,0.1
16248,0.1
16249,0.1
16250,0.1
16251,0.1
16253,0.1
16254,0.1
16256,0.1
16258,0.1
16265,0.1
16269,0.1
16270,0.1
16271,0.1
16272,0.1
16274,0.1
16275,0.1
16276,0.1
16279,0.1
16280,0.1
16281,0.1
16282,0.1
16283,0.1
16284,0.1
16288,0.1
16291,0.1
16293,0.1
16294,0.1
16295,0.1
16297,0.1
16298,0.1
16302,0.1
16305,0.1
16307,0.1
16308,0.1
16311,0.1
16312,0.1
16318,0.1
16320,0.1
16321,0.1
16322,0.1
16325,0.1
16326,0.1
16329,0.1
16335,0.1
16336,0.1
16339,0.1
16340,0.1
16345,0.1
16346,0.1
16348,0.1
16349,0.1
16350,0.1
16354,0.1
16358,0.1
16362,0.1
16364,0.1
16365,0.1
16370,0.1
16372,0.1
16375,0.1
16378,0.1
16381,0.1
16388,0.1
16390,0.1
16394,0.1
16400,0.1
16408,0.1
16411,0.1
16412,0.1
16413,0.1
16415,0.1
16419,0.1
16422,0.1
16428,0.1
16429,0.1
16431,0.1
16432,0.1
16436,0.1
16441,0.1
16444,0.1
16447,0.1
16449,0.1
16450,0.1
16454,0.1
16455,0.1
16463,0.1
16467,0.1
16469,0.1
16470,0.1
16471,0.1
16475,0.1
16476,0.1
16481,0.1
16483,0.1
16486,0.1
16487,0.1
16490,0.1
16491,0.1
16492,0.1
16496,0.1
16497,0.1
16498,0.1
16499,0.1
16503,0.1
16504,0.1
16505,0.1
16506,0.1
16507,0.1
16510,0.1
16512,0.1
16513,0.1
16514,0.1
16518,0.1
16519,0.1
16522,0.1
16523,0.1
16528,0.1
16531,0.1
16533,0.1
16534,0.1
16535,0.1
16537,0.1
16542,0.1
16546,0.1
16548,0.1
16553,0.1
16554,0.1
16559,0.1
16563,0.1
16568,0.1
16570,0.1
16574,0.1
16575,0.1
16578,0.1
16581,0.1
16584,0.1
16586,0.1
16587,0.1
16589,0.1
16593,0.1
16594,0.1
16599,0.1
16600,0.1
16605,0.1
16607,0.1
16610,0.1
16611,0.1
16613,0.1
16615,0.1
16616,0.1
16624,0.1
16628,0.1
16632,0.1
16635,0.1
16639,0.1
16641,0.1
16647,0.1
16651,0.1
16653,0.1
16654,0.1
16656,0.1
16658,0.1
16660,0.1
16663,0.1
16668,0.1
16670,0.1
16671,0.1
16672,0.1
16673,0.1
16675,0.1
16683,0.1
16685,0.1
16687,0.1
16690,0.1
16693,0.1
16695,0.1
16697,0.1
16699,0.1
16700,0.1
16707,0.1
16708,0.1
16709,0.1
16715,0.1
16716,0.1
16717,0.1
16719,0.1
16721,0.1
16726,0.1
16727,0.1
16729,0.1
16731,0.1
16732,0.1
16733,0.1
16735,0.1
16748,0.1
16749,0.1
16750,0.1
16751,0.1
16754,0.1
16756,0.1
16761,0.1
16766,0.1
16767,0.1
16768,0.1
16769,0.1
16773,0.1
16776,0.1
16778,0.1
16780,0.1
16781,0.1
16782,0.1
16788,0.1
16791,0.1
16796,0.1
16799,0.1
16803,0.1
16807,0.1
16812,0.1
16813,0.1
16814,0.1
16816,0.1
16818,0.1
16819,0.1
16821,0.1
16823,0.1
16826,0.1
16836,0.1
16842,0.1
16848,0.1
16850,0.1
16852,0.1
16858,0.1
16860,0.1
16861,0.1
16862,0.1
16863,0.1
16864,0.1
16866,0.1
16871,0.1
16874,0.1
16882,0.1
16884,0.1
16886,0.1
16888,0.1
16890,0.1
16893,0.1
16894,0.1
16897,0.1
16899,0.1
16904,0.1
16905,0.1
16906,0.1
16908,0.1
16909,0.1
16910,0.1
16911,0.1
16914,0.1
16915,0.1
16916,0.1
16918,0.1
16919,0.1
16923,0.1
16928,0.1
16933,0.1
16936,0.1
16938,0.1
16941,0.1
16943,0.1
16944,0.1
16948,0.1
16950,0.1
16953,0.1
16955,0.1
16956,0.1
16957,0.1
16958,0.1
16959,0.1
16961,0.1
16964,0.1
16967,0.1
16970,0.1
16972,0.1
16976,0.1
16978,0.1
16982,0.1
16983,0.1
16988,0.1
16989,0.1
16991,0.1
16994,0.1
16996,0.1
16997,0.1
17004,0.1
17007,0.1
17009,0.1
17010,0.1
17011,0.1
17013,0.1
17017,0.1
17018,0.1
17020,0.1
17024,0.1
17027,0.1
17029,0.1
17033,0.1
17034,0.1
17043,0.1
17048,0.1
17049,0.1
17050,0.1
17053,0.1
17055,0.1
17060,0.1
17061,0.1
17065,0.1
17069,0.1
17071,0.1
17073,0.1
17075,0.1
17078,0.1
17080,0.1
17086,0.1
17089,0.1
17090,0.1
17094,0.1
17096,0.1
17098,0.1
17100,0.1
17102,0.1
17103,0.1
17108,0.1
17109,0.1
17110,0.1
17122,0.1
17123,0.1
17124,0.1
17132,0.1
17133,0.1
17134,0.1
17135,0.1
17139,0.1
17141,0.1
17142,0.1
17145,0.1
17150,0.1
17151,0.1
17152,0.1
17155,0.1
17158,0.1
17159,0.1
17160,0.1
17162,0.1
17165,0.1
17166,0.1
17167,0.1
17169,0.1
17171,0.1
17174,0.1
17175,0.1
17176,0.1
17177,0.1
17181,0.1
17184,0.1
17185,0.1
17186,0.1
17187,0.1
17191,0.1
17193,0.1
17196,0.1
17202,0.1
17204,0.1
17205,0.1
17206,0.1
17207,0.1
17210,0.1
17214,0.1
17217,0.1
17224,0.1
17231,0.1
17232,0.1
17233,0.1
17237,0.1
17238,0.1
17240,0.1
17242,0.1
17243,0.1
17247,0.1
17248,0.1
17249,0.1
17251,0.1
17252,0.1
17255,0.1
17258,0.1
17263,0.1
17264,0.1
17267,0.1
17271,0.1
17274,0.1
17277,0.1
17278,0.1
17279,0.1
17283,0.1
17286,0.1
17288,0.1
17292,0.1
17293,0.1
17296,0.1
17297,0.1
17298,0.1
17299,0.1
17300,0.1
17305,0.1
17306,0.1
17309,0.1
17313,0.1
17315,0.1
17316,0.1
17317,0.1
17320,0.1
17324,0.1
17325,0.1
17328,0.1
17331,0.1
17333,0.1
17335,0.1
17337,0.1
17339,0.1
17341,0.1
17345,0.1
17352,0.1
17353,0.1
17357,0.1
17358,0.1
17359,0.1
17360,0.1
17363,0.1
17365,0.1
17370,0.1
17371,0.1
17372,0.1
17378,0.1
17379,0.1
17380,0.1
17382,0.1
17386,0.1
17387,0.1
17388,0.1
17389,0.1
17391,0.1
17392,0.1
17394,0.1
17395,0.1
17400,0.1
17402,0.1
17403,0.1
17406,0.1
17407,0.1
17408,0.1
17412,0.1
17414,0.1
17419,0.1
17420,0.1
17422,0.1
17426,0.1
17431,0.1
17433,0.1
17435,0.1
17439,0.1
17440,0.1
17444,0.1
17447,0.1
17448,0.1
17449,0.1
17454,0.1
17455,0.1
17456,0.1
17457,0.1
17461,0.1
17464,0.1
17468,0.1
17469,0.1
17470,0.1
17471,0.1
17475,0.1
17483,0.1
17486,0.1
17488,0.1
17492,0.1
17493,0.1
17496,0.1
17497,0.1
17503,0.1
17506,0.1
17507,0.1
17508,0.1
17509,0.1
17510,0.1
17513,0.1
17516,0.1
17518,0.1
17519,0.1
17520,0.1
17521,0.1
17522,0.1
17524,0.1
17529,0.1
17530,0.1
17532,0.1
17535,0.1
17536,0.1
17537,0.1
17538,0.1
17540,0.1
17542,0.1
17543,0.1
17544,0.1
17546,0.1
17549,0.1
17551,0.1
17552,0.1
17553,0.1
17555,0.1
17557,0.1
17559,0.1
17561,0.1
17562,0.1
17563,0.1
17570,0.1
17574,0.1
17579,0.1
17581,0.1
17585,0.1
17586,0.1
17590,0.1
17597,0.1
17599,0.1
17600,0.1
17601,0.1
17602,0.1
17603,0.1
17604,0.1
17605,0.1
17609,0.1
17610,0.1
17611,0.1
17612,0.1
17614,0.1
17616,0.1
17626,0.1
17627,0.1
17629,0.1
17633,0.1
17634,0.1
17635,0.1
17637,0.1
17640,0.1
17641,0.1
17644,0.1
17645,0.1
17646,0.1
17648,0.1
17654,0.1
17663,0.1
17667,0.1
17671,0.1
17672,0.1
17675,0.1
17676,0.1
17677,0.1
17679,0.1
17681,0.1
17684,0.1
17685,0.1
17686,0.1
17687,0.1
17688,0.1
17689,0.1
17691,0.1
17692,0.1
17693,0.1
17694,0.1
17696,0.1
17701,0.1
17705,0.1
17706,0.1
17707,0.1
17709,0.1
17712,0.1
17715,0.1
17716,0.1
17717,0.1
17721,0.1
17722,0.1
17726,0.1
17730,0.1
17732,0.1
17736,0.1
17738,0.1
17740,0.1
17741,0.1
17744,0.1
17745,0.1
17746,0.1
17750,0.1
17751,0.1
17754,0.1
17755,0.1
17758,0.1
17759,0.1
17763,0.1
17765,0.1
17766,0.1
17768,0.1
17770,0.1
17771,0.1
17772,0.1
17773,0.1
17777,0.1
17782,0.1
17788,0.1
17790,0.1
17792,0.1
17797,0.1
17799,0.1
17800,0.1
17804,0.1
17805,0.1
17811,0.1
17812,0.1
17815,0.1
17819,0.1
17827,0.1
17829,0.1
17831,0.1
17836,0.1
17838,0.1
17840,0.1
17842,0.1
17843,0.1
17846,0.1
17847,0.1
17856,0.1
17860,0.1
17861,0.1
17864,0.1
17878,0.1
17879,0.1
17882,0.1
17885,0.1
17887,0.1
17888,0.1
17889,0.1
17891,0.1
17893,0.1
17898,0.1
17899,0.1
17900,0.1
17903,0.1
17908,0.1
17911,0.1
17915,0.1
17917,0.1
17918,0.1
17920,0.1
17922,0.1
17927,0.1
17928,0.1
17934,0.1
17936,0.1
17941,0.1
17945,0.1
17948,0.1
17949,0.1
17950,0.1
17953,0.1
17956,0.1
17967,0.1
17971,0.1
17972,0.1
17973,0.1
17975,0.1
17977,0.1
17982,0.1
17984,0.1
17985,0.1
17988,0.1
17994,0.1
17996,0.1
17998,0.1
18001,0.1
18003,0.1
18005,0.1
18010,0.1
18011,0.1
18013,0.1
18017,0.1
18019,0.1
18025,0.1
18036,0.1
18039,0.1
18040,0.1
18041,0.1
18046,0.1
18052,0.1
18053,0.1
18055,0.1
18056,0.1
18058,0.1
18066,0.1
18067,0.1
18068,0.1
18070,0.1
18075,0.1
18076,0.1
18077,0.1
18080,0.1
18081,0.1
18087,0.1
18090,0.1
18092,0.1
18098,0.1
18100,0.1
18101,0.1
18102,0.1
18103,0.1
18104,0.1
18107,0.1
18113,0.1
18117,0.1
18118,0.1
18124,0.1
18125,0.1
18129,0.1
18132,0.1
18135,0.1
18139,0.1
18144,0.1
18145,0.1
18147,0.1
18152,0.1
18155,0.1
18157,0.1
18160,0.1
18165,0.1
18168,0.1
18169,0.1
18173,0.1
18174,0.1
18178,0.1
18190,0.1
18194,0.1
18195,0.1
18196,0.1
18198,0.1
18199,0.1
18201,0.1
18202,0.1
18204,0.1
18205,0.1
18206,0.1
18207,0.1
18210,0.1
18213,0.1
18214,0.1
18215,0.1
18219,0.1
18224,0.1
18229,0.1
18231,0.1
18233,0.1
18235,0.1
18237,0.1
18239,0.1
18241,0.1
18242,0.1
18243,0.1
18244,0.1
18250,0.1
18252,0.1
18253,0.1
18254,0.1
18255,0.1
18257,0.1
18258,0.1
18259,0.1
18261,0.1
18263,0.1
18268,0.1
18271,0.1
18278,0.1
18283,0.1
18286,0.1
18288,0.1
18289,0.1
18296,0.1
18301,0.1
18305,0.1
18306,0.1
18307,0.1
18308,0.1
18312,0.1
18313,0.1
18317,0.1
18318,0.1
18321,0.1
18322,0.1
18324,0.1
18328,0.1
18331,0.1
18333,0.1
18334,0.1
18335,0.1
18336,0.1
18337,0.1
18338,0.1
18339,0.1
18340,0.1
18342,0.1
18343,0.1
18345,0.1
18350,0.1
18351,0.1
18353,0.1
18355,0.1
18356,0.1
18357,0.1
18358,0.1
18359,0.1
18363,0.1
18364,0.1
18367,0.1
18368,0.1
18372,0.1
18374,0.1
18377,0.1
18385,0.1
18387,0.1
18389,0.1
18398,0.1
18399,0.1
18400,0.1
18401,0.1
18402,0.1
18403,0.1
18408,0.1
18409,0.1
18411,0.1
18412,0.1
18414,0.1
18415,0.1
18417,0.1
18418,0.1
18423,0.1
18424,0.1
18426,0.1
18428,0.1
18430,0.1
18433,0.1
18435,0.1
18436,0.1
18438,0.1
18443,0.1
18445,0.1
18446,0.1
18448,0.1
18449,0.1
18451,0.1
18452,0.1
18453,0.1
18462,0.1
18466,0.1
18467,0.1
18474,0.1
18478,0.1
18479,0.1
18482,0.1
18485,0.1
18486,0.1
18487,0.1
18491,0.1
18492,0.1
18502,0.1
18503,0.1
18506,0.1
18508,0.1
18511,0.1
18513,0.1
18515,0.1
18517,0.1
18523,0.1
18525,0.1
18527,0.1
18528,0.1
18529,0.1
18530,0.1
18531,0.1
18539,0.1
18542,0.1
18545,0.1
18553,0.1
18558,0.1
18559,0.1
18560,0.1
18561,0.1
18563,0.1
18565,0.1
18566,0.1
18567,0.1
18568,0.1
18570,0.1
18571,0.1
18572,0.1
18578,0.1
18580,0.1
18581,0.1
18582,0.1
18584,0.1
18588,0.1
18590,0.1
18599,0.1
18601,0.1
18612,0.1
18617,0.1
18618,0.1
18624,0.1
18626,0.1
18627,0.1
18629,0.1
18631,0.1
18632,0.1
18636,0.1
18639,0.1
18644,0.1
18651,0.1
18652,0.1
18654,0.1
18655,0.1
18656,0.1
18657,0.1
18659,0.1
18660,0.1
18667,0.1
18669,0.1
18670,0.1
18671,0.1
18672,0.1
18673,0.1
18676,0.1
18687,0.1
18688,0.1
18690,0.1
18692,0.1
18693,0.1
18699,0.1
18700,0.1
18702,0.1
18703,0.1
18705,0.1
18706,0.1
18710,0.1
18711,0.1
18712,0.1
18714,0.1
18717,0.1
18718,0.1
18719,0.1
18721,0.1
18725,0.1
18727,0.1
18730,0.1
18733,0.1
18735,0.1
18738,0.1
18739,0.1
18740,0.1
18741,0.1
18742,0.1
18743,0.1
18746,0.1
18747,0.1
18748,0.1
18754,0.1
18756,0.1
18757,0.1
18758,0.1
18760,0.1
18762,0.1
18764,0.1
18772,0.1
18773,0.1
18775,0.1
18777,0.1
18778,0.1
18780,0.1
18781,0.1
18782,0.1
18785,0.1
18786,0.1
18787,0.1
18789,0.1
18790,0.1
18792,0.1
18794,0.1
18798,0.1
18799,0.1
18802,0.1
18807,0.1
18809,0.1
18813,0.1
18814,0.1
18816,0.1
18817,0.1
18818,0.1
18821,0.1
18822,0.1
18823,0.1
18824,0.1
18825,0.1
18826,0.1
18828,0.1
18832,0.1
18835,0.1
18836,0.1
18837,0.1
18838,0.1
18839,0.1
18842,0.1
18843,0.1
18845,0.1
18847,0.1
18851,0.1
18854,0.1
18855,0.1
18856,0.1
18857,0.1
18863,0.1
18866,0.1
18867,0.1
18869,0.1
18873,0.1
18876,0.1
18877,0.1
18882,0.1
18883,0.1
18884,0.1
18885,0.1
18890,0.1
18892,0.1
18898,0.1
18899,0.1
18904,0.1
18908,0.1
18909,0.1
18912,0.1
18914,0.1
18918,0.1
18919,0.1
18921,0.1
18928,0.1
18929,0.1
18934,0.1
18938,0.1
18939,0.1
18940,0.1
18941,0.1
18946,0.1
18949,0.1
18951,0.1
18954,0.1
18955,0.1
18957,0.1
18961,0.1
18963,0.1
18964,0.1
18965,0.1
18966,0.1
18967,0.1
18968,0.1
18971,0.1
18973,0.1
18974,0.1
18975,0.1
18977,0.1
18982,0.1
18983,0.1
18984,0.1
18988,0.1
18992,0.1
18997,0.1
18999,0.1
19004,0.1
19005,0.1
19006,0.1
19008,0.1
19009,0.1
19011,0.1
19012,0.1
19014,0.1
19017,0.1
19020,0.1
19021,0.1
19024,0.1
19025,0.1
19033,0.1
19034,0.1
19035,0.1
19036,0.1
19037,0.1
19038,0.1
19040,0.1
19044,0.1
19045,0.1
19046,0.1
19047,0.1
19048,0.1
19051,0.1
19052,0.1
19053,0.1
19054,0.1
19055,0.1
19056,0.1
19064,0.1
19066,0.1
19071,0.1
19073,0.1
19074,0.1
19076,0.1
19078,0.1
19079,0.1
19080,0.1
19082,0.1
19083,0.1
19087,0.1
19088,0.1
19091,0.1
19094,0.1
19103,0.1
19104,0.1
19108,0.1
19109,0.1
19110,0.1
19113,0.1
19114,0.1
19115,0.1
19116,0.1
19117,0.1
19119,0.1
19123,0.1
19124,0.1
19125,0.1
19126,0.1
19127,0.1
19129,0.1
19134,0.1
19137,0.1
19140,0.1
19144,0.1
19146,0.1
19148,0.1
19150,0.1
19151,0.1
19152,0.1
19153,0.1
19156,0.1
19157,0.1
19158,0.1
19160,0.1
19163,0.1
19164,0.1
19165,0.1
19167,0.1
19168,0.1
19174,0.1
19176,0.1
19177,0.1
19178,0.1
19180,0.1
19181,0.1
19185,0.1
19186,0.1
19191,0.1
19195,0.1
19196,0.1
19199,0.1
19202,0.1
19203,0.1
19204,0.1
19206,0.1
19209,0.1
19210,0.1
19215,0.1
19217,0.1
19220,0.1
19221,0.1
19223,0.1
19226,0.1
19229,0.1
19233,0.1
19240,0.1
19241,0.1
19244,0.1
19245,0.1
19247,0.1
19248,0.1
19251,0.1
19252,0.1
19253,0.1
19254,0.1
19255,0.1
19256,0.1
19257,0.1
19259,0.1
19260,0.1
19262,0.1
19270,0.1
19272,0.1
19273,0.1
19278,0.1
19280,0.1
19284,0.1
19286,0.1
19287,0.1
19290,0.1
19291,0.1
19292,0.1
19293,0.1
19295,0.1
19297,0.1
19298,0.1
19301,0.1
19313,0.1
19317,0.1
19318,0.1
19319,0.1
19320,0.1
19321,0.1
19322,0.1
19327,0.1
19332,0.1
19333,0.1
19334,0.1
19337,0.1
19343,0.1
19345,0.1
19346,0.1
19347,0.1
19349,0.1
19350,0.1
19356,0.1
19360,0.1
19361,0.1
19362,0.1
19363,0.1
19369,0.1
19371,0.1
19373,0.1
19376,0.1
19380,0.1
19381,0.1
19384,0.1
19385,0.1
19388,0.1
19390,0.1
19394,0.1
19396,0.1
19402,0.1
19404,0.1
19410,0.1
19411,0.1
19419,0.1
19422,0.1
19423,0.1
19424,0.1
19425,0.1
19426,0.1
19427,0.1
19432,0.1
19435,0.1
19440,0.1
19442,0.1
19450,0.1
19451,0.1
19452,0.1
19453,0.1
19456,0.1
19458,0.1
19460,0.1
19462,0.1
19463,0.1
19465,0.1
19467,0.1
19470,0.1
19472,0.1
19473,0.1
19479,0.1
19481,0.1
19483,0.1
19488,0.1
19494,0.1
19495,0.1
19496,0.1
19499,0.1
19500,0.1
19503,0.1
19504,0.1
19508,0.1
19510,0.1
19512,0.1
19513,0.1
19519,0.1
19523,0.1
19524,0.1
19526,0.1
19537,0.1
19538,0.1
19540,0.1
19542,0.1
19546,0.1
19548,0.1
19549,0.1
19550,0.1
19551,0.1
19553,0.1
19560,0.1
19561,0.1
19562,0.1
19563,0.1
19565,0.1
19567,0.1
19570,0.1
19571,0.1
19572,0.1
19573,0.1
19574,0.1
19575,0.1
19576,0.1
19578,0.1
19579,0.1
19580,0.1
19582,0.1
19588,0.1
19591,0.1
19599,0.1
19601,0.1
19611,0.1
19612,0.1
19626,0.1
19628,0.1
19632,0.1
19633,0.1
19637,0.1
19640,0.1
19641,0.1
19642,0.1
19644,0.1
19647,0.1
19651,0.1
19652,0.1
19653,0.1
19656,0.1
19660,0.1
19666,0.1
19667,0.1
19670,0.1
19673,0.1
19674,0.1
19675,0.1
19676,0.1
19684,0.1
19687,0.1
19689,0.1
19694,0.1
19696,0.1
19697,0.1
19698,0.1
19699,0.1
19701,0.1
19703,0.1
19704,0.1
19706,0.1
19714,0.1
19716,0.1
19719,0.1
19720,0.1
19725,0.1
19727,0.1
19728,0.1
19731,0.1
19734,0.1
19735,0.1
19736,0.1
19737,0.1
19740,0.1
19745,0.1
19746,0.1
19747,0.1
19753,0.1
19754,0.1
19758,0.1
19759,0.1
19761,0.1
19762,0.1
19774,0.1
19775,0.1
19777,0.1
19780,0.1
19781,0.1
19784,0.1
19786,0.1
19789,0.1
19790,0.1
19791,0.1
19792,0.1
19793,0.1
19797,0.1
19799,0.1
19800,0.1
19802,0.1
19805,0.1
19807,0.1
19808,0.1
19810,0.1
19811,0.1
19814,0.1
19815,0.1
19817,0.1
19818,0.1
19820,0.1
19822,0.1
19823,0.1
19824,0.1
19826,0.1
19828,0.1
19829,0.1
19831,0.1
19832,0.1
19837,0.1
19841,0.1
19843,0.1
19845,0.1
19850,0.1
19852,0.1
19853,0.1
19855,0.1
19857,0.1
19862,0.1
19866,0.1
19875,0.1
19876,0.1
19877,0.1
19881,0.1
19885,0.1
19886,0.1
19894,0.1
19898,0.1
19899,0.1
19904,0.1
19905,0.1
19908,0.1
19909,0.1
19910,0.1
19911,0.1
19912,0.1
19914,0.1
19915,0.1
19916,0.1
19918,0.1
19919,0.1
19921,0.1
19922,0.1
19926,0.1
19931,0.1
19936,0.1
19937,0.1
19938,0.1
19943,0.1
19944,0.1
19950,0.1
19952,0.1
19965,0.1
19967,0.1
19969,0.1
19972,0.1
19974,0.1
19989,0.1
19991,0.1
19998,0.1
19999,0.1
20000,0.1
20003,0.1
20007,0.1
20016,0.1
20022,0.1
20023,0.1
20026,0.1
20028,0.1
20032,0.1
20036,0.1
20038,0.1
20041,0.1
20044,0.1
20045,0.1
20050,0.1
20052,0.1
20053,0.1
20057,0.1
20058,0.1
20060,0.1
20061,0.1
20066,0.1
20071,0.1
20072,0.1
20073,0.1
20074,0.1
20075,0.1
20076,0.1
20077,0.1
20078,0.1
20079,0.1
20086,0.1
20087,0.1
20091,0.1
20096,0.1
20099,0.1
20102,0.1
20106,0.1
20109,0.1
20112,0.1
20113,0.1
20114,0.1
20119,0.1
20122,0.1
20123,0.1
20124,0.1
20125,0.1
20126,0.1
20127,0.1
20128,0.1
20129,0.1
20130,0.1
20133,0.1
20134,0.1
20137,0.1
20140,0.1
20141,0.1
20143,0.1
20145,0.1
20149,0.1
20151,0.1
20152,0.1
20155,0.1
20161,0.1
20162,0.1
20166,0.1
20170,0.1
20171,0.1
20173,0.1
20174,0.1
20175,0.1
20176,0.1
20177,0.1
20178,0.1
20184,0.1
20185,0.1
20186,0.1
20190,0.1
20191,0.1
20192,0.1
20193,0.1
20195,0.1
20198,0.1
20200,0.1
20203,0.1
20204,0.1
20206,0.1
20207,0.1
20208,0.1
20212,0.1
20214,0.1
20216,0.1
20217,0.1
20220,0.1
20221,0.1
20223,0.1
20228,0.1
20229,0.1
20230,0.1
20233,0.1
20235,0.1
20236,0.1
20240,0.1
20241,0.1
20242,0.1
20244,0.1
20246,0.1
20248,0.1
20251,0.1
20253,0.1
20255,0.1
20260,0.1
20262,0.1
20265,0.1
20267,0.1
20268,0.1
20269,0.1
20273,0.1
20277,0.1
20278,0.1
20281,0.1
20283,0.1
20284,0.1
20285,0.1
20287,0.1
20288,0.1
20289,0.1
20290,0.1
20291,0.1
20295,0.1
20299,0.1
20301,0.1
20304,0.1
20306,0.1
20310,0.1
20311,0.1
20317,0.1
20318,0.1
20320,0.1
20321,0.1
20322,0.1
20323,0.1
20324,0.1
20325,0.1
20326,0.1
20331,0.1
20333,0.1
20339,0.1
20345,0.1
20346,0.1
20348,0.1
20357,0.1
20366,0.1
20367,0.1
20368,0.1
20369,0.1
20377,0.1
20381,0.1
20382,0.1
20383,0.1
20384,0.1
20386,0.1
20387,0.1
20392,0.1
20395,0.1
20399,0.1
20400,0.1
20403,0.1
20405,0.1
20406,0.1
20410,0.1
20413,0.1
20414,0.1
20418,0.1
20423,0.1
20424,0.1
20432,0.1
20435,0.1
20443,0.1
20447,0.1
20451,0.1
20456,0.1
20457,0.1
20461,0.1
20462,0.1
20463,0.1
20468,0.1
20470,0.1
20474,0.1
20475,0.1
20476,0.1
20479,0.1
20480,0.1
20484,0.1
20486,0.1
20487,0.1
20488,0.1
20490,0.1
20491,0.1
20498,0.1
20499,0.1
20500,0.1
20501,0.1
20504,0.1
20523,0.1
20524,0.1
20527,0.1
20528,0.1
20531,0.1
20533,0.1
20535,0.1
20541,0.1
20542,0.1
20545,0.1
20550,0.1
20551,0.1
20552,0.1
20553,0.1
20554,0.1
20555,0.1
20557,0.1
20558,0.1
20561,0.1
20562,0.1
20564,0.1
20565,0.1
20569,0.1
20570,0.1
20571,0.1
20572,0.1
20577,0.1
20579,0.1
20581,0.1
20582,0.1
20583,0.1
20588,0.1
20590,0.1
20595,0.1
20598,0.1
20599,0.1
20600,0.1
20601,0.1
20603,0.1
20604,0.1
20608,0.1
20610,0.1
20613,0.1
20618,0.1
20623,0.1
20625,0.1
20626,0.1
20627,0.1
20628,0.1
20631,0.1
20637,0.1
20641,0.1
20645,0.1
20649,0.1
20654,0.1
20655,0.1
20660,0.1
20661,0.1
20662,0.1
20663,0.1
20664,0.1
20665,0.1
20666,0.1
20670,0.1
20675,0.1
20679,0.1
20681,0.1
20685,0.1
20695,0.1
20696,0.1
20700,0.1
20701,0.1
20704,0.1
20713,0.1
20714,0.1
20721,0.1
20723,0.1
20724,0.1
20726,0.1
20731,0.1
20736,0.1
20739,0.1
20740,0.1
20741,0.1
20743,0.1
20744,0.1
20748,0.1
20751,0.1
20752,0.1
20753,0.1
20755,0.1
20756,0.1
20758,0.1
20762,0.1
20763,0.1
20764,0.1
20766,0.1
20768,0.1
20770,0.1
20772,0.1
20773,0.1
20775,0.1
20781,0.1
20783,0.1
20785,0.1
20787,0.1
20789,0.1
20790,0.1
20792,0.1
20794,0.1
20795,0.1
20796,0.1
20797,0.1
20798,0.1
20804,0.1
20806,0.1
20807,0.1
20808,0.1
20809,0.1
20810,0.1
20815,0.1
20817,0.1
20819,0.1
20820,0.1
20823,0.1
20824,0.1
20825,0.1
20826,0.1
20828,0.1
20829,0.1
20831,0.1
20832,0.1
20834,0.1
20835,0.1
20836,0.1
20837,0.1
20842,0.1
20846,0.1
20847,0.1
20848,0.1
20850,0.1
20851,0.1
20852,0.1
20853,0.1
20855,0.1
20858,0.1
20861,0.1
20862,0.1
20869,0.1
20870,0.1
20871,0.1
20872,0.1
20874,0.1
20880,0.1
20883,0.1
20884,0.1
20888,0.1
20894,0.1
20895,0.1
20898,0.1
20900,0.1
20901,0.1
20902,0.1
20903,0.1
20904,0.1
20908,0.1
20909,0.1
20917,0.1
20918,0.1
20919,0.1
20926,0.1
20927,0.1
20929,0.1
20930,0.1
20933,0.1
20940,0.1
20944,0.1
20955,0.1
20957,0.1
20958,0.1
20960,0.1
20963,0.1
20964,0.1
20966,0.1
20967,0.1
20968,0.1
20969,0.1
20972,0.1
20980,0.1
20983,0.1
20984,0.1
20990,0.1
20991,0.1
20992,0.1
20997,0.1
20999,0.1
21001,0.1
21003,0.1
21005,0.1
21006,0.1
21007,0.1
21008,0.1
21009,0.1
21011,0.1
21012,0.1
21018,0.1
21021,0.1
21025,0.1
21027,0.1
21028,0.1
21030,0.1
21031,0.1
21032,0.1
21033,0.1
21034,0.1
21036,0.1
21037,0.1
21040,0.1
21041,0.1
21043,0.1
21045,0.1
21046,0.1
21047,0.1
21051,0.1
21052,0.1
21054,0.1
21061,0.1
21066,0.1
21067,0.1
21069,0.1
21078,0.1
21079,0.1
21080,0.1
21081,0.1
21082,0.1
21083,0.1
21093,0.1
21095,0.1
21099,0.1
21104,0.1
21105,0.1
21107,0.1
21108,0.1
21110,0.1
21111,0.1
21119,0.1
21120,0.1
21121,0.1
21125,0.1
21126,0.1
21128,0.1
21131,0.1
21132,0.1
21135,0.1
21138,0.1
21139,0.1
21141,0.1
21145,0.1
21146,0.1
21148,0.1
21149,0.1
21151,0.1
21153,0.1
21154,0.1
21156,0.1
21158,0.1
21161,0.1
21162,0.1
21164,0.1
21175,0.1
21176,0.1
21178,0.1
21179,0.1
21183,0.1
21185,0.1
21186,0.1
21188,0.1
21193,0.1
21196,0.1
21198,0.1
21200,0.1
21205,0.1
21207,0.1
21209,0.1
21210,0.1
21211,0.1
21214,0.1
21215,0.1
21217,0.1
21219,0.1
21223,0.1
21224,0.1
21225,0.1
21226,0.1
21228,0.1
21232,0.1
21236,0.1
21237,0.1
21238,0.1
21241,0.1
21252,0.1
21254,0.1
21258,0.1
21259,0.1
21260,0.1
21272,0.1
21277,0.1
21279,0.1
21280,0.1
21282,0.1
21283,0.1
21284,0.1
21289,0.1
21291,0.1
21295,0.1
21300,0.1
21304,0.1
21309,0.1
21312,0.1
21314,0.1
21317,0.1
21319,0.1
21321,0.1
21324,0.1
21325,0.1
21330,0.1
21333,0.1
21334,0.1
21335,0.1
21337,0.1
21338,0.1
21339,0.1
21342,0.1
21344,0.1
21345,0.1
21346,0.1
21349,0.1
21350,0.1
21353,0.1
21357,0.1
21358,0.1
21363,0.1
21365,0.1
21366,0.1
21369,0.1
21370,0.1
21377,0.1
21378,0.1
21379,0.1
21381,0.1
21383,0.1
21385,0.1
21386,0.1
21387,0.1
21390,0.1
21392,0.1
21395,0.1
21397,0.1
21407,0.1
21411,0.1
21413,0.1
21414,0.1
21417,0.1
21419,0.1
21420,0.1
21425,0.1
21426,0.1
21427,0.1
21430,0.1
21431,0.1
21432,0.1
21435,0.1
21442,0.1
21446,0.1
21447,0.1
21448,0.1
21449,0.1
21450,0.1
21451,0.1
21452,0.1
21455,0.1
21459,0.1
21465,0.1
21474,0.1
21476,0.1
21482,0.1
21484,0.1
21486,0.1
21488,0.1
21489,0.1
21491,0.1
21492,0.1
21494,0.1
21495,0.1
21497,0.1
21498,0.1
21503,0.1
21506,0.1
21507,0.1
21508,0.1
21513,0.1
21514,0.1
21517,0.1
21519,0.1
21521,0.1
21523,0.1
21524,0.1
21526,0.1
21528,0.1
21530,0.1
21531,0.1
21543,0.1
21545,0.1
21554,0.1
21557,0.1
21558,0.1
21559,0.1
21561,0.1
21562,0.1
21568,0.1
21569,0.1
21571,0.1
21574,0.1
21575,0.1
21576,0.1
21578,0.1
21581,0.1
21592,0.1
21593,0.1
21595,0.1
21598,0.1
21602,0.1
21604,0.1
21609,0.1
21611,0.1
21612,0.1
21613,0.1
21618,0.1
21623,0.1
21624,0.1
21626,0.1
21627,0.1
21628,0.1
21631,0.1
21636,0.1
21638,0.1
21642,0.1
21647,0.1
21649,0.1
21651,0.1
21654,0.1
21655,0.1
21658,0.1
21661,0.1
21662,0.1
21671,0.1
21672,0.1
21675,0.1
21680,0.1
21681,0.1
21685,0.1
21686,0.1
21687,0.1
21689,0.1
21691,0.1
21693,0.1
21696,0.1
21701,0.1
21702,0.1
21704,0.1
21707,0.1
21716,0.1
21717,0.1
21718,0.1
21721,0.1
21722,0.1
21723,0.1
21724,0.1
21729,0.1
21730,0.1
21732,0.1
21734,0.1
21735,0.1
21736,0.1
21739,0.1
21740,0.1
21741,0.1
21748,0.1
21749,0.1
21750,0.1
21751,0.1
21753,0.1
21756,0.1
21759,0.1
21761,0.1
21762,0.1
21763,0.1
21767,0.1
21774,0.1
21781,0.1
21782,0.1
21783,0.1
21787,0.1
21791,0.1
21795,0.1
21799,0.1
21805,0.1
21808,0.1
21811,0.1
21813,0.1
21814,0.1
21815,0.1
21816,0.1
21818,0.1
21825,0.1
21826,0.1
21831,0.1
21833,0.1
21836,0.1
21837,0.1
21842,0.1
21843,0.1
21847,0.1
21851,0.1
21853,0.1
21854,0.1
21856,0.1
21857,0.1
21858,0.1
21861,0.1
21863,0.1
21867,0.1
21869,0.1
21872,0.1
21874,0.1
21881,0.1
21884,0.1
21886,0.1
21890,0.1
21899,0.1
21901,0.1
21902,0.1
21904,0.1
21905,0.1
21907,0.1
21909,0.1
21910,0.1
21911,0.1
21912,0.1
21917,0.1
21918,0.1
21920,0.1
21921,0.1
21926,0.1
21927,0.1
21928,0.1
21931,0.1
21935,0.1
21937,0.1
21939,0.1
21941,0.1
21944,0.1
21954,0.1
21960,0.1
21961,0.1
21963,0.1
21965,0.1
21966,0.1
21968,0.1
21969,0.1
21974,0.1
21978,0.1
21980,0.1
21981,0.1
21982,0.1
21984,0.1
21991,0.1
21997,0.1
22002,0.1
22006,0.1
22008,0.1
22010,0.1
22013,0.1
22014,0.1
22015,0.1
22020,0.1
22023,0.1
22028,0.1
22029,0.1
22032,0.1
22033,0.1
22035,0.1
22041,0.1
22042,0.1
22049,0.1
22050,0.1
22052,0.1
22058,0.1
22059,0.1
22060,0.1
22063,0.1
22065,0.1
22066,0.1
22068,0.1
22070,0.1
22074,0.1
22084,0.1
22085,0.1
22087,0.1
22091,0.1
22094,0.1
22096,0.1
22102,0.1
22107,0.1
22111,0.1
22121,0.1
22125,0.1
22128,0.1
22132,0.1
22137,0.1
22140,0.1
22141,0.1
22143,0.1
22144,0.1
22147,0.1
22148,0.1
22150,0.1
22151,0.1
22155,0.1
22156,0.1
22160,0.1
22161,0.1
22162,0.1
22163,0.1
22169,0.1
22175,0.1
22177,0.1
22178,0.1
22180,0.1
22181,0.1
22184,0.1
22185,0.1
22186,0.1
22188,0.1
22196,0.1
22199,0.1
22202,0.1
22203,0.1
22210,0.1
22212,0.1
22213,0.1
22219,0.1
22220,0.1
22224,0.1
22227,0.1
22228,0.1
22229,0.1
22230,0.1
22233,0.1
22241,0.1
22244,0.1
22245,0.1
22247,0.1
22252,0.1
22259,0.1
22262,0.1
22268,0.1
22274,0.1
22277,0.1
22280,0.1
22282,0.1
22283,0.1
22285,0.1
22294,0.1
22295,0.1
22297,0.1
22303,0.1
22304,0.1
22306,0.1
22307,0.1
22308,0.1
22311,0.1
22313,0.1
22315,0.1
22318,0.1
22320,0.1
22322,0.1
22324,0.1
22327,0.1
22329,0.1
22331,0.1
22333,0.1
22336,0.1
22338,0.1
22339,0.1
22340,0.1
22341,0.1
22350,0.1
22353,0.1
22355,0.1
22359,0.1
22364,0.1
22365,0.1
22369,0.1
22370,0.1
22372,0.1
22374,0.1
22380,0.1
22386,0.1
22391,0.1
22392,0.1
22393,0.1
22399,0.1
22400,0.1
22401,0.1
22403,0.1
22405,0.1
22406,0.1
22407,0.1
22408,0.1
22410,0.1
22411,0.1
22414,0.1
22417,0.1
22418,0.1
22423,0.1
22424,0.1
22426,0.1
22427,0.1
22428,0.1
22429,0.1
22434,0.1
22435,0.1
22436,0.1
22438,0.1
22441,0.1
22442,0.1
22444,0.1
22446,0.1
22450,0.1
22451,0.1
22454,0.1
22458,0.1
22461,0.1
22462,0.1
22470,0.1
22471,0.1
22473,0.1
22483,0.1
22486,0.1
22487,0.1
22490,0.1
22493,0.1
22496,0.1
22497,0.1
22500,0.1
22502,0.1
22503,0.1
22508,0.1
22509,0.1
22512,0.1
22515,0.1
22516,0.1
22520,0.1
22522,0.1
22528,0.1
22530,0.1
22531,0.1
22533,0.1
22537,0.1
22538,0.1
22544,0.1
22553,0.1
22555,0.1
22556,0.1
22557,0.1
22558,0.1
22560,0.1
22561,0.1
22562,0.1
22565,0.1
22566,0.1
22568,0.1
22569,0.1
22574,0.1
22575,0.1
22576,0.1
22577,0.1
22579,0.1
22580,0.1
22583,0.1
22584,0.1
22587,0.1
22588,0.1
22591,0.1
22592,0.1
22597,0.1
22598,0.1
22599,0.1
22602,0.1
22606,0.1
22607,0.1
22609,0.1
22611,0.1
22613,0.1
22614,0.1
22622,0.1
22626,0.1
22629,0.1
22630,0.1
22632,0.1
22635,0.1
22636,0.1
22640,0.1
22641,0.1
22643,0.1
22644,0.1
22646,0.1
22651,0.1
22652,0.1
22654,0.1
22655,0.1
22657,0.1
22658,0.1
22660,0.1
22661,0.1
22662,0.1
22666,0.1
22667,0.1
22668,0.1
22673,0.1
22675,0.1
22676,0.1
22677,0.1
22681,0.1
22683,0.1
22688,0.1
22689,0.1
22695,0.1
22696,0.1
22698,0.1
22702,0.1
22703,0.1
22705,0.1
22708,0.1
22709,0.1
22711,0.1
22715,0.1
22720,0.1
22723,0.1
22724,0.1
22725,0.1
22726,0.1
22728,0.1
22729,0.1
22730,0.1
22731,0.1
22732,0.1
22733,0.1
22735,0.1
22738,0.1
22739,0.1
22744,0.1
22749,0.1
22751,0.1
22753,0.1
22757,0.1
22758,0.1
22761,0.1
22763,0.1
22766,0.1
22767,0.1
22769,0.1
22770,0.1
22773,0.1
22774,0.1
22775,0.1
22777,0.1
22779,0.1
22780,0.1
22781,0.1
22782,0.1
22784,0.1
22789,0.1
22792,0.1
22793,0.1
22794,0.1
22795,0.1
22797,0.1
22800,0.1
22808,0.1
22809,0.1
22810,0.1
22811,0.1
22812,0.1
22813,0.1
22814,0.1
22817,0.1
22818,0.1
22819,0.1
22820,0.1
22821,0.1
22822,0.1
22825,0.1
22829,0.1
22833,0.1
22834,0.1
22835,0.1
22838,0.1
22839,0.1
22840,0.1
22841,0.1
22842,0.1
22848,0.1
22854,0.1
22855,0.1
22856,0.1
22862,0.1
22864,0.1
22865,0.1
22867,0.1
22868,0.1
22869,0.1
22870,0.1
22872,0.1
22877,0.1
22878,0.1
22882,0.1
22885,0.1
22886,0.1
22891,0.1
22895,0.1
22897,0.1
22898,0.1
22902,0.1
22905,0.1
22906,0.1
22909,0.1
22912,0.1
22914,0.1
22917,0.1
22923,0.1
22924,0.1
22928,0.1
22930,0.1
22931,0.1
22932,0.1
22933,0.1
22934,0.1
22936,0.1
22939,0.1
22940,0.1
22941,0.1
22945,0.1
22948,0.1
22950,0.1
22953,0.1
22954,0.1
22955,0.1
22959,0.1
22964,0.1
22966,0.1
22969,0.1
22970,0.1
22974,0.1
22979,0.1
22983,0.1
22986,0.1
22989,0.1
22990,0.1
22992,0.1
22994,0.1
22998,0.1
22999,0.1
23001,0.1
23005,0.1
23012,0.1
23015,0.1
23016,0.1
23019,0.1
23020,0.1
23021,0.1
23025,0.1
23026,0.1
23027,0.1
23029,0.1
23030,0.1
23031,0.1
23037,0.1
23038,0.1
23039,0.1
23041,0.1
23043,0.1
23048,0.1
23049,0.1
23052,0.1
23053,0.1
23054,0.1
23056,0.1
23057,0.1
23061,0.1
23062,0.1
23063,0.1
23064,0.1
23069,0.1
23070,0.1
23071,0.1
23076,0.1
23077,0.1
23078,0.1
23080,0.1
23082,0.1
23085,0.1
23087,0.1
23090,0.1
23096,0.1
23097,0.1
23100,0.1
23103,0.1
23105,0.1
23109,0.1
23112,0.1
23113,0.1
23114,0.1
23115,0.1
23117,0.1
23118,0.1
23121,0.1
23127,0.1
23131,0.1
23133,0.1
23135,0.1
23137,0.1
23139,0.1
23140,0.1
23146,0.1
23147,0.1
23153,0.1
23154,0.1
23159,0.1
23164,0.1
23167,0.1
23168,0.1
23170,0.1
23173,0.1
23176,0.1
23180,0.1
23181,0.1
23188,0.1
23193,0.1
23200,0.1
23201,0.1
23203,0.1
23207,0.1
23211,0.1
23212,0.1
23213,0.1
23218,0.1
23219,0.1
23221,0.1
23222,0.1
23223,0.1
23226,0.1
23230,0.1
23236,0.1
23238,0.1
23241,0.1
23242,0.1
23247,0.1
23253,0.1
23255,0.1
23259,0.1
23261,0.1
23263,0.1
23264,0.1
23266,0.1
23270,0.1
23271,0.1
23273,0.1
23275,0.1
23276,0.1
23277,0.1
23281,0.1
23285,0.1
23286,0.1
23287,0.1
23290,0.1
23293,0.1
23294,0.1
23300,0.1
23301,0.1
23302,0.1
23306,0.1
23309,0.1
23311,0.1
23315,0.1
23320,0.1
23322,0.1
23323,0.1
23325,0.1
23326,0.1
23328,0.1
23330,0.1
23333,0.1
23336,0.1
23340,0.1
23345,0.1
23350,0.1
23357,0.1
23358,0.1
23362,0.1
23363,0.1
23365,0.1
23367,0.1
23369,0.1
23370,0.1
23374,0.1
23376,0.1
23380,0.1
23382,0.1
23383,0.1
23387,0.1
23388,0.1
23392,0.1
23394,0.1
23396,0.1
23398,0.1
23399,0.1
23400,0.1
23401,0.1
23402,0.1
23404,0.1
23409,0.1
23411,0.1
23414,0.1
23416,0.1
23422,0.1
23428,0.1
23433,0.1
23435,0.1
23436,0.1
23437,0.1
23438,0.1
23439,0.1
23444,0.1
23448,0.1
23452,0.1
23453,0.1
23456,0.1
23457,0.1
23458,0.1
23459,0.1
23460,0.1
23462,0.1
23463,0.1
23467,0.1
23470,0.1
23471,0.1
23477,0.1
23480,0.1
23483,0.1
23493,0.1
23494,0.1
23496,0.1
23497,0.1
23498,0.1
23499,0.1
23501,0.1
23502,0.1
23506,0.1
23507,0.1
23509,0.1
23510,0.1
23511,0.1
23517,0.1
23520,0.1
23523,0.1
23524,0.1
23528,0.1
23531,0.1
23532,0.1
23536,0.1
23538,0.1
23539,0.1
23540,0.1
23542,0.1
23545,0.1
23550,0.1
23554,0.1
23555,0.1
23559,0.1
23560,0.1
23563,0.1
23565,0.1
23568,0.1
23569,0.1
23570,0.1
23573,0.1
23574,0.1
23575,0.1
23577,0.1
23578,0.1
23583,0.1
23584,0.1
23585,0.1
23588,0.1
23591,0.1
23596,0.1
23601,0.1
23608,0.1
23611,0.1
23616,0.1
23621,0.1
23623,0.1
23628,0.1
23630,0.1
23631,0.1
23632,0.1
23634,0.1
23638,0.1
23640,0.1
23641,0.1
23642,0.1
23644,0.1
23649,0.1
23650,0.1
23657,0.1
23658,0.1
23661,0.1
23662,0.1
23663,0.1
23664,0.1
23668,0.1
23672,0.1
23675,0.1
23676,0.1
23678,0.1
23682,0.1
23687,0.1
23691,0.1
23692,0.1
23696,0.1
23699,0.1
23700,0.1
23703,0.1
23705,0.1
23706,0.1
23707,0.1
23708,0.1
23711,0.1
23712,0.1
23714,0.1
23719,0.1
23726,0.1
23727,0.1
23730,0.1
23736,0.1
23738,0.1
23742,0.1
23744,0.1
23749,0.1
23752,0.1
23753,0.1
23754,0.1
23756,0.1
23761,0.1
23762,0.1
23764,0.1
23766,0.1
23768,0.1
23769,0.1
23771,0.1
23778,0.1
23780,0.1
23786,0.1
23787,0.1
23788,0.1
23789,0.1
23790,0.1
23792,0.1
23796,0.1
23798,0.1
23800,0.1
23801,0.1
23803,0.1
23805,0.1
23806,0.1
23807,0.1
23808,0.1
23813,0.1
23819,0.1
23820,0.1
23822,0.1
23826,0.1
23827,0.1
23828,0.1
23832,0.1
23833,0.1
23835,0.1
23839,0.1
23841,0.1
23842,0.1
23850,0.1
23852,0.1
23856,0.1
23857,0.1
23859,0.1
23860,0.1
23865,0.1
23868,0.1
23874,0.1
23877,0.1
23880,0.1
23884,0.1
23889,0.1
23891,0.1
23897,0.1
23901,0.1
23902,0.1
23903,0.1
23905,0.1
23909,0.1
23911,0.1
23913,0.1
23914,0.1
23917,0.1
23918,0.1
23921,0.1
23922,0.1
23930,0.1
23932,0.1
23935,0.1
23936,0.1
23938,0.1
23939,0.1
